SITE_URL,ASSET_URI,CURRENT_BID,CLOSING_DATE_UTC,VIN/SERIAL,YEAR,MAKE/BRAND,MODEL,LOCATION,MAP_URL,MILES,LOT#,CONDITION,INVENTORY_ID,SELLER,ASSET_CONTACT,EMAIL,PHONE,ITEM_LOCATION,ACCOUNT_TYPE,TITLE_RESTRICTION,KILOMETERS
http://govdeals.com,/asset/212/96,2000.0,2024-12-18T14:45:00Z,1FAHP2MK3FG142399,2015,Ford,Taurus,"Neptune Beach, Florida, USA","http://maps.google.com/maps?q=30.324204,+-81.396262+(116 1st St)","129,311.00 (Accurate?: Yes)",96-212,Used/See Description,1215,,Catherine Ponson,clerk@nbfl.us,+19042702400,"116 1st St, , Neptune Beach, Florida, 32266-6140, USA",Government,,
http://govdeals.com,/asset/84/25867,250.0,2024-12-18T14:45:00Z,1FAHP2MK0FG184657,2015,Ford,Taurus,"Buford, Georgia, USA","http://maps.google.com/maps?q=34.135008,+-83.975376+(3156 Buford Hwy)","130,204.00 (Accurate?: )",25867-84,Used/See Description,,,,,,"3156 Buford Hwy, Buford, Georgia, 30518-6069, USA",Government,,
http://govdeals.com,/asset/280/8517,1500.0,2024-12-18T14:45:00Z,1FAHP2D88DG136938,2013,Ford,Taurus,"Reedley, California, USA","http://maps.google.com/maps?q=36.596908,+-119.440765+(1701 W Huntsman Ave)","155,866.00 (Accurate?: Yes)",8517-280,Used/See Description,665,"Reedley, CA",,,,"1701 W Huntsman Ave, Reedley, California, 93654, USA",Government,,
http://govdeals.com,/asset/2019/1207,750.0,2024-12-18T14:45:00Z,1FAHP2MT0GG133640,2016,Ford,Interceptor Taurus,"Marietta, Georgia, USA","http://maps.google.com/maps?q=33.960154,+-84.528992+(725 N Marietta Pkwy NE)","107,817.00 (Accurate?: Yes)",1207-2019,Used/See Description,5470,"Marietta, GA",Dawn Kil,DKil@mariettaga.gov,+17707945696,"725 N Marietta Pkwy NE, Marietta, Georgia, 30060-1530, USA",Government,,
http://govdeals.com,/asset/1237/19236,2075.0,2024-12-18T14:45:00Z,1FAHP2D80HG105625,2017,Ford,Taurus,"Topeka, Kansas, USA","http://maps.google.com/maps?q=39.066895,+-95.712891+(2830 SW Kanza Dr)","92,207.00 (Accurate?: Yes)",19236-1237,Used/See Description,S-25-8136,State of Kansas,,,,"2830 SW Kanza Dr, Topeka, Kansas, 66606-2452, USA",Government,Clean Title,
http://govdeals.com,/asset/681/7193,1000.0,2024-12-18T14:45:00Z,1FAHP2L8XEG163044,2014,Ford,Taurus,"Ogden, Utah, USA","http://maps.google.com/maps?q=41.212353,+-111.980025+(175 W 29th St)","124,870.00 (Accurate?: Yes)",7193-681,Used/See Description,14038,"Ogden City, UT",,,,"175 W 29th St, Ogden, Utah, 84401-3534, USA",Government,Clean Title,
http://govdeals.com,/asset/213/22193,4140.0,2024-12-18T14:45:00Z,1FAHP2MK9GG109991,2016,Ford,Taurus,"Saint Augustine, Florida, USA","http://maps.google.com/maps?q=29.940184,+-81.337633+(4015 Lewis Speedway)","94,595.00 (Accurate?: Yes)",22193-213,Used/See Description,649,"St Johns County Sheriff's Office, FL",,,,"4015 Lewis Speedway, Saint Augustine, Florida, 32084-8611, USA",Government,Clean Title,
http://govdeals.com,/asset/211/96,2000.0,2024-12-18T14:45:00Z,1FAHP2MK1FG142398,2015,Ford,Taurus,"Neptune Beach, Florida, USA","http://maps.google.com/maps?q=30.324204,+-81.396262+(116 1st St)","86,066.00 (Accurate?: Yes)",96-211,Used/See Description,1315,,Catherine Ponson,clerk@nbfl.us,+19042702400,"116 1st St, , Neptune Beach, Florida, 32266-6140, USA",Government,,
http://govdeals.com,/asset/8018/5389,100.0,2024-12-18T14:45:00Z,1FAHP2MK0HG118984,2017,Ford,Taurus,"Jacksonville, Florida, USA","http://maps.google.com/maps?q=30.337936,+-81.705529+(1096 North McDuff Ave )","151,271.00 (Accurate?: Unknown)",5389-8018,Used/See Description,8018 303866 2405 51102,,Rodney Booker,rbooker@coj.net,+19042556638,"1096 North McDuff Ave , Jacksonville, Florida, 32254-2031, USA",Government,Clean Title,
http://govdeals.com,/asset/1809/404,1500.0,2024-12-18T14:45:00Z,1FAHP2MK7EG135129,2014,Ford,Taurus,"Jacksonville, North Carolina, USA","http://maps.google.com/maps?q=34.795171,+-77.535743+(411 Meadowview Rd)","156,685.00 (Accurate?: )",404-1809,Used/See Description,24905,,Katie Bruce,Kathryn_Bruce@onslowcountync.gov,+19104551750,"411 Meadowview Rd, Jacksonville, North Carolina, 28540-7313, USA",Government,,
http://govdeals.com,/asset/15006/7167,350.0,2024-12-18T14:45:00Z,1FAHP2L84JG128039,2015,Ford,Taurus,"Doral, Florida, USA","http://maps.google.com/maps?q=25.826218,+-80.340668+(8801 NW 58th St)","144,072.00 (Accurate?: Yes)",7167-15006,Used/See Description,5795A,"Miami-Dade County, FL",,,,"8801 NW 58th St, Entrance Is on 87th Avenue, Doral, Florida, 33178-1603, USA",Government,,
http://govdeals.com,/asset/686/7193,550.0,2024-12-18T14:45:00Z,1FAHP2L8XDG130592,2013,Ford,Taurus,"Ogden, Utah, USA","http://maps.google.com/maps?q=41.212353,+-111.980025+(175 W 29th St)","135,311.00 (Accurate?: Yes)",7193-686,Used/See Description,13041,"Ogden City, UT",,,,"175 W 29th St, Ogden, Utah, 84401-3534, USA",Government,Clean Title,
http://govdeals.com,/asset/365/23002,330.0,2024-12-18T14:45:00Z,1FAHP56S73G277539,2003,Ford,Taurus,"Cookeville, Tennessee, USA","http://maps.google.com/maps?q=36.192221,+-85.479396+(2301 Fisk Rd)","191,700.00 (Accurate?: Unknown)",23002-365,Used/See Description,,,Justin Fredrico,jturner.das@gmail.com,+19317393271,"2301 Fisk Rd, Cookeville, Tennessee, 38506-5006, USA",Commercial,Clean Title,
http://govdeals.com,/asset/887/6355,250.0,2024-12-18T14:45:00Z,1FAHP2MK7DG212855,2013,Ford,Taurus,"Sinton, Texas, USA","http://maps.google.com/maps?q=28.046444,+-97.510663+(313 N Rachal St)","144,856.00 (Accurate?: Yes)",6355-887,Used/See Description,Lot 57 2013 Ford Taurus,,,,,"313 N Rachal St, Sinton, Texas, 78387-2617, USA",Government,Clean Title,
http://govdeals.com,/asset/31906/685,1001.0,2024-12-18T14:45:00Z,1FAHP2MKXFG173231,2015,Ford,Taurus,"West Columbia, South Carolina, USA","http://maps.google.com/maps?q=33.950918,+-81.110915+(1441 Boston Ave )","128,125.00 (Accurate?: Yes)",685-31906,Used/See Description,254709003 (School Fence),,Bob Carson,bob.carson@admin.sc.gov,+18038966880,"1441 Boston Ave , West Columbia, South Carolina, 29170-2137, USA",Government,Clean Title,
http://govdeals.com,/asset/683/7193,575.0,2024-12-18T14:45:00Z,1FAHP2L8XDG123464,2013,Ford,Taurus,"Ogden, Utah, USA","http://maps.google.com/maps?q=41.212353,+-111.980025+(175 W 29th St)","100,803.00 (Accurate?: Yes)",7193-683,Used/See Description,12069,"Ogden City, UT",,,,"175 W 29th St, Ogden, Utah, 84401-3534, USA",Government,Clean Title,
http://govdeals.com,/asset/1808/404,1800.0,2024-12-18T14:45:00Z,1FAHP2MK8EG135141,2014,Ford,Taurus,"Jacksonville, North Carolina, USA","http://maps.google.com/maps?q=34.795171,+-77.535743+(411 Meadowview Rd)","149,034.00 (Accurate?: )",404-1808,Used/See Description,24895,,Katie Bruce,Kathryn_Bruce@onslowcountync.gov,+19104551750,"411 Meadowview Rd, Jacksonville, North Carolina, 28540-7313, USA",Government,,
http://govdeals.com,/asset/125/6423,1100.0,2024-12-18T14:45:00Z,1FAHP2DW9CG111334,2012,Ford,Taurus,"Chelsea, Massachusetts, USA","http://maps.google.com/maps?q=42.393253,+-71.033311+(500 Broadway)","69,403.00 (Accurate?: Yes)",6423-125,Used/See Description,,"Chelsea, MA",Dragica Ivanis,divanis@chelseama.gov,+16174664220,"500 Broadway, Chelsea, Massachusetts, 02150-2948, USA",Government,Clean Title,
http://govdeals.com,/asset/214/96,1000.0,2024-12-18T14:45:00Z,1FAHP2L85DG134520,2013,Ford,Taurus,"Neptune Beach, Florida, USA","http://maps.google.com/maps?q=30.324204,+-81.396262+(116 1st St)","106,595.00 (Accurate?: Yes)",96-214,Used/See Description,1113,,Catherine Ponson,clerk@nbfl.us,+19042702400,"116 1st St, , Neptune Beach, Florida, 32266-6140, USA",Government,,
http://govdeals.com,/asset/455/10563,2000.0,2024-12-18T14:45:00Z,1FAHP2M82DG124235,2013,Ford,Taurus,"Marion, Iowa, USA","http://maps.google.com/maps?q=42.027096,+-91.573765+(195 35th St)","129,646.00 (Accurate?: Yes)",10563-455,Used/See Description,M-5,"Marion, IA",,,,"195 35th St, Marion, Iowa, 52302-3811, USA",Government,,
http://govdeals.com,/asset/15016/7167,10.0,2024-12-18T14:45:00Z,1FAHP2L88FG203591,2015,Ford,Taurus,"Doral, Florida, USA","http://maps.google.com/maps?q=25.826218,+-80.340668+(8801 NW 58th St)","164,253.00 (Accurate?: Yes)",7167-15016,Used/See Description,3635A,"Miami-Dade County, FL",,,,"8801 NW 58th St, Entrance Is on 87th Avenue, Doral, Florida, 33178-1603, USA",Government,,
http://govdeals.com,/asset/32468/685,1170.4,2024-12-18T14:45:00Z,1FAHP2M81DG198293,2013,Ford,Taurus,"West Columbia, South Carolina, USA","http://maps.google.com/maps?q=33.950918,+-81.110915+(1441 Boston Ave )","130,466.00 (Accurate?: Yes)",685-32468,Used/See Description,257065001 (School Fence),,Bob Carson,bob.carson@admin.sc.gov,+18038966880,"1441 Boston Ave , West Columbia, South Carolina, 29170-2137, USA",Government,Clean Title,
http://govdeals.com,/asset/1688/5858,2247.22,2024-12-18T14:45:00Z,1FAHP2L81FG128989,2015,Ford,Taurus,"West Chicago, Illinois, USA","http://maps.google.com/maps?q=41.8446,+-88.19006+(29W222 Mack Rd)","115,878.00 (Accurate?: Yes)",5858-1688,Used/See Description,493,,Fleet Management,hteope@dupageforest.org,+16305807100,"29W222 Mack Rd, West Chicago, Illinois, 60185-4436, USA",Government,Clean Title,
http://govdeals.com,/asset/682/7193,1125.0,2024-12-18T14:45:00Z,1FAHP2L86DG123445,2013,Ford,Taurus,"Ogden, Utah, USA","http://maps.google.com/maps?q=41.212353,+-111.980025+(175 W 29th St)","80,383.00 (Accurate?: Yes)",7193-682,Used/See Description,12050,"Ogden City, UT",,,,"175 W 29th St, Ogden, Utah, 84401-3534, USA",Government,Clean Title,
http://govdeals.com,/asset/8015/5389,118.0,2024-12-18T14:45:00Z,1FAHP2MKXHG122752,2017,Ford,Taurus,"Jacksonville, Florida, USA","http://maps.google.com/maps?q=30.337936,+-81.705529+(1096 North McDuff Ave )","118,936.00 (Accurate?: Unknown)",5389-8015,Used/See Description,8015 303863 2080 51102,,Rodney Booker,rbooker@coj.net,+19042556638,"1096 North McDuff Ave , Jacksonville, Florida, 32254-2031, USA",Government,Clean Title,
http://govdeals.com,/asset/14998/7167,10.0,2024-12-18T14:45:00Z,1FAHP2L87FG203551,2015,Ford,Taurus,"Doral, Florida, USA","http://maps.google.com/maps?q=25.826218,+-80.340668+(8801 NW 58th St)","105,885.00 (Accurate?: Yes)",7167-14998,Used/See Description,3653A,"Miami-Dade County, FL",,,,"8801 NW 58th St, Entrance Is on 87th Avenue, Doral, Florida, 33178-1603, USA",Government,,
http://govdeals.com,/asset/32452/685,741.0,2024-12-18T14:45:00Z,1FAHP2MKXHG113601,2017,Ford,Taurus,"West Columbia, South Carolina, USA","http://maps.google.com/maps?q=33.950918,+-81.110915+(1441 Boston Ave )","143,489.00 (Accurate?: Yes)",685-32452,Used/See Description,257065005 (School Fence),,Bob Carson,bob.carson@admin.sc.gov,+18038966880,"1441 Boston Ave , West Columbia, South Carolina, 29170-2137, USA",Government,Clean Title,
http://govdeals.com,/asset/1807/404,1500.0,2024-12-18T14:45:00Z,1FAHP2MK5EG135145,2014,Ford,Taurus,"Jacksonville, North Carolina, USA","http://maps.google.com/maps?q=34.795171,+-77.535743+(411 Meadowview Rd)","148,712.00 (Accurate?: )",404-1807,Used/See Description,24903,,Katie Bruce,Kathryn_Bruce@onslowcountync.gov,+19104551750,"411 Meadowview Rd, Jacksonville, North Carolina, 28540-7313, USA",Government,,
http://govdeals.com,/asset/15015/7167,12.0,2024-12-18T14:45:00Z,1FAHP2L85EG186344,2014,Ford,Taurus,"Doral, Florida, USA","http://maps.google.com/maps?q=25.826218,+-80.340668+(8801 NW 58th St)","134,615.00 (Accurate?: Yes)",7167-15015,Used/See Description,3111A,"Miami-Dade County, FL",,,,"8801 NW 58th St, Entrance Is on 87th Avenue, Doral, Florida, 33178-1603, USA",Government,,
http://govdeals.com,/asset/15001/7167,10.0,2024-12-18T14:45:00Z,1FAHP2L8XHG122692,2017,Ford,Taurus,"Doral, Florida, USA","http://maps.google.com/maps?q=25.826218,+-80.340668+(8801 NW 58th St)","71,997.00 (Accurate?: Yes)",7167-15001,Used/See Description,4685A,"Miami-Dade County, FL",,,,"8801 NW 58th St, Entrance Is on 87th Avenue, Doral, Florida, 33178-1603, USA",Government,,
http://govdeals.com,/asset/15000/7167,100.0,2024-12-18T14:45:00Z,1FAHP2L84HG122686,2017,Ford,Taurus,"Doral, Florida, USA","http://maps.google.com/maps?q=25.826218,+-80.340668+(8801 NW 58th St)","71,997.00 (Accurate?: Yes)",7167-15000,Used/See Description,4658A,"Miami-Dade County, FL",,,,"8801 NW 58th St, Entrance Is on 87th Avenue, Doral, Florida, 33178-1603, USA",Government,,
http://govdeals.com,/asset/878/6355,575.0,2024-12-18T14:45:00Z,1FAHP2MK2HG105623,2017,Ford,Taurus,"Sinton, Texas, USA","http://maps.google.com/maps?q=28.028427,+-97.513867+(219 W 5th St)","168,142.00 (Accurate?: Yes)",6355-878,Used/See Description,Lot 45 2017 Taurus,,,,,"219 W 5th St, Sinton, Texas, 78387-3708, USA",Government,Clean Title,
http://govdeals.com,/asset/15005/7167,500.0,2024-12-18T14:45:00Z,1FAHP2L86JG128043,2018,Ford,Taurus,"Doral, Florida, USA","http://maps.google.com/maps?q=25.826218,+-80.340668+(8801 NW 58th St)","110,830.00 (Accurate?: Yes)",7167-15005,Used/See Description,5778A,"Miami-Dade County, FL",,,,"8801 NW 58th St, Entrance Is on 87th Avenue, Doral, Florida, 33178-1603, USA",Government,,
http://govdeals.com,/asset/43/8642,1100.0,2024-12-18T14:45:00Z,1FAHP2L83EG105356,2014,Ford,Taurus,"Chattahoochee Hills, Georgia, USA","http://maps.google.com/maps?q=33.577423,+-84.768328+(6505 Rico Rd)","127,946.00 (Accurate?: Yes)",8642-43,Used/See Description,,"Chattahoochee Hills, GA",,,,"6505 Rico Rd, Chattahoochee Hills, Georgia, 30268-2064, USA",Government,Clean Title,
http://govdeals.com,/asset/720/10478,1000.0,2024-12-18T14:45:00Z,1FAHP2MK5FG142596,2015,Ford,Taurus,"Fairmont, West Virginia, USA","http://maps.google.com/maps?q=39.48063,+-80.14686+(320 Lafayette St)","160,279.00 (Accurate?: Yes)",10478-720,Used/See Description,,"West Virginia State Police, WV",,,,"320 Lafayette St, , Fairmont, West Virginia, 26554-3543, USA",Government,Clean Title,
http://govdeals.com,/asset/147/5733,1500.0,2024-12-18T14:45:00Z,1FAHP2MK8KG106444,2019,Ford,Taurus,"Waterford, Connecticut, USA","http://maps.google.com/maps?q=41.341924,+-72.133404+(15 Rope Ferry Rd)","133,970.00 (Accurate?: Yes)",5733-147,Used/See Description,101657,"Waterford, CT",,,,"15 Rope Ferry Rd, Waterford, Connecticut, 06385-2806, USA",Government,Clean Title,
http://govdeals.com,/asset/2/27806,600.0,2024-12-18T14:45:00Z,1FAHP2L82DG177678,2013,Ford,Taurus,"Montpelier, Indiana, USA","http://maps.google.com/maps?q=40.555007,+-85.280931+(300 W Huntington St)","131,670.00 (Accurate?: Yes)",27806-2,Used/See Description,,"Montpelier, IN",,,,"300 W Huntington St, Montpelier, Indiana, 47359-1006, USA",Government,Clean Title,
http://govdeals.com,/asset/15018/7167,10.0,2024-12-18T14:45:00Z,1FAHP2L88GG154247,2016,Ford,Taurus,"Doral, Florida, USA","http://maps.google.com/maps?q=25.826218,+-80.340668+(8801 NW 58th St)","69,082.00 (Accurate?: Yes)",7167-15018,Used/See Description,4623A,"Miami-Dade County, FL",,,,"8801 NW 58th St, Entrance Is on 87th Avenue, Doral, Florida, 33178-1603, USA",Government,,
http://govdeals.com,/asset/108/6122,100.0,2024-12-18T14:45:00Z,1FAFP53U86A152795,2006,Ford,Taurus,"Trumbull, Connecticut, USA","http://maps.google.com/maps?q=41.249216,+-73.207637+(366 Church Hill Rd)",,6122-108,Scrap,Asset 2795-2006-Ford-2795,"Trumbull, CT",Kevin Bova,kbova@trumbull-ct.gov,+12034525042,"366 Church Hill Rd, Trumbull, Connecticut, 06611-3820, USA",Government,Yes: Other (See Description),
http://govdeals.com,/asset/684/7193,500.0,2024-12-18T14:45:00Z,1FAHP2L83DG123449,2013,Ford,Taurus,"Ogden, Utah, USA","http://maps.google.com/maps?q=41.212353,+-111.980025+(175 W 29th St)","106,943.00 (Accurate?: Yes)",7193-684,Used/See Description,12054,"Ogden City, UT",,,,"175 W 29th St, Ogden, Utah, 84401-3534, USA",Government,Clean Title,
http://govdeals.com,/asset/405/3111,625.0,2024-12-18T14:45:00Z,1FAHP2MK1EG122053,2014,Ford,Taurus,"Fuquay Varina, North Carolina, USA","http://maps.google.com/maps?q=35.571276,+-78.770162+(1415 Holland Rd)","125,974.00 (Accurate?: Yes)",3111-405,Used/See Description,PR 56,"Fuquay-Varina, NC",James Jordan,jjordan@fuquay-varina.org,+19198686005,"1415 Holland Rd, Fuquay Varina, North Carolina, 27526-7894, USA",Government,Clean Title,
http://govdeals.com,/asset/8017/5389,100.0,2024-12-18T14:45:00Z,1FAHP2MK7HG122742,2017,Ford,Taurus,"Jacksonville, Florida, USA","http://maps.google.com/maps?q=30.337936,+-81.705529+(1096 North McDuff Ave )","149,406.00 (Accurate?: Unknown)",5389-8017,Used/See Description,8017 303865 2260 51102,,Rodney Booker,rbooker@coj.net,+19042556638,"1096 North McDuff Ave , Jacksonville, Florida, 32254-2031, USA",Government,Clean Title,
http://govdeals.com,/asset/1476/11984,525.0,2024-12-18T14:45:00Z,1FAFP53U77A120731,2007,Ford,Taurus,"Providence, Rhode Island, USA","http://maps.google.com/maps?q=41.8391,+-71.4361+(1 Capitol Hl)","171,613.00 (Accurate?: Yes)",11984-1476,Used/See Description,23988,State of Rhode Island,,,,"1 Capitol Hl, , Providence, Rhode Island, 02908-5816, USA",Government,,
http://govdeals.com,/asset/8019/5389,211.0,2024-12-18T14:45:00Z,1FAHP2MK3HG130031,2017,Ford,Taurus,"Jacksonville, Florida, USA","http://maps.google.com/maps?q=30.337936,+-81.705529+(1096 North McDuff Ave )","117,279.00 (Accurate?: Unknown)",5389-8019,Used/See Description,8019 303867 2422 51102,,Rodney Booker,rbooker@coj.net,+19042556638,"1096 North McDuff Ave , Jacksonville, Florida, 32254-2031, USA",Government,Clean Title,
http://govdeals.com,/asset/1451/11984,240.0,2024-12-18T14:45:00Z,1FAFP53U15A279483,2005,Ford,Taurus,"Providence, Rhode Island, USA","http://maps.google.com/maps?q=41.8391,+-71.4361+(1 Capitol Hl)","29,159.00 (Accurate?: Unknown)",11984-1451,Used/See Description,23890,State of Rhode Island,,,,"1 Capitol Hl, , Providence, Rhode Island, 02908-5816, USA",Government,Clean Title,
http://govdeals.com,/asset/761/44,2599.99,2024-12-18T14:45:00Z,1FAHP2MK7JG105977,2018,Ford,Taurus,"Montgomery, Alabama, USA","http://maps.google.com/maps?q=32.373887,+-86.307224+(200 Scott St)","153,006.00 (Accurate?: Yes)",44-761,Used/See Description,6579,"Montgomery County Commission, AL",Kirk Harbin,KirkHarbin@mc-ala.org,+13348327117,"200 Scott St, , Montgomery, Alabama, 36104, USA",Government,Clean Title,
http://govdeals.com,/asset/685/7193,2025.0,2024-12-18T14:45:00Z,1FAHP2L80DG123442,2013,Ford,Taurus,"Ogden, Utah, USA","http://maps.google.com/maps?q=41.212353,+-111.980025+(175 W 29th St)","77,770.00 (Accurate?: Yes)",7193-685,Used/See Description,12047,"Ogden City, UT",,,,"175 W 29th St, Ogden, Utah, 84401-3534, USA",Government,Clean Title,
http://govdeals.com,/asset/1/27532,1500.0,2024-12-18T14:45:00Z,1FAHP2M81DG212841,2013,Ford,Taurus,"Ottoville, Ohio, USA","http://maps.google.com/maps?f=q&hl=en&q=150 Park Drive,+Ottoville,+OH+45876","70,353.00 (Accurate?: Yes)",27532-1,Used/See Description,,"Ottoville Village, OH",,,,"150 Park Drive, Ottoville, Ohio, 45876, USA",Government,Clean Title,
http://govdeals.com,/asset/4195/19,535.0,2024-12-18T14:45:00Z,1FAHP2MK6EG148681,2014,Ford,Taurus,"Chesterfield, Virginia, USA","http://maps.google.com/maps?q=37.38041305541992,+-77.50691223144531+(9700 Lori Ln)","108,054.00 (Accurate?: Yes)",19-4195,Used/See Description,14047,"Chesterfield County, VA",,,,"9700 Lori Ln, , Chesterfield, Virginia, 23832, USA",Government,Clean Title,
http://govdeals.com,/asset/133/24442,3100.0,2024-12-18T14:45:00Z,1FAHP2DW0BG157732,2011,Ford,Taurus,"San Luis Obispo, California, USA","http://maps.google.com/maps?q=35.321482,+-120.723706+(1355A Kansas Ave)","68,579.00 (Accurate?: Yes)",24442-133,Used/See Description,1632,"San Luis Obispo County, CA",,,,"1355A Kansas Ave, San Luis Obispo, California, 93405-7610, USA",Government,Clean Title,
http://govdeals.com,/asset/5209/4923,800.0,2024-12-18T14:45:00Z,1FAHP2L89FG135964,2015,Ford,Taurus Interceptor FWD,"Oklahoma City, Oklahoma, USA","http://maps.google.com/maps?q=35.468155,+-97.521246+(100 N Walker Ave)","127,460.00 (Accurate?: Yes)",4923-5209,Used/See Description,1513097,"Oklahoma City, OK",Sherry Cochran-Schmees,sherry.cochranschmees@okc.gov,+14052973138,"100 N Walker Ave, Oklahoma City, Oklahoma, 73102-2230, USA",Government,,
http://govdeals.com,/asset/47207/8149,720.0,2024-12-18T14:45:00Z,1FAHP2M89DG127083,2013,Ford,Taurus Police Interceptor,"Denver, Colorado, USA","http://maps.google.com/maps?q=39.794295,+-104.901488+(5440 Roslyn St)","78,931.00 (Accurate?: Yes)",8149-47207,Used/See Description,A3003,"Denver City and County, CO",,,,"5440 Roslyn St, Building A, Denver, Colorado, 80216-6002, USA",Government,Clean Title,
http://govdeals.com,/asset/47205/8149,920.0,2024-12-18T14:45:00Z,1FAHP2MK3EG120269,2014,Ford,Taurus Police Interceptor,"Denver, Colorado, USA","http://maps.google.com/maps?q=39.794295,+-104.901488+(5440 Roslyn St)","139,926.00 (Accurate?: Yes)",8149-47205,Used/See Description,A4329,"Denver City and County, CO",,,,"5440 Roslyn St, Building A, Denver, Colorado, 80216-6002, USA",Government,Clean Title,
http://govdeals.com,/asset/220/22193,600.0,2024-12-18T14:45:00Z,1FAHP2MK8FG133715,2015,Ford,Taurus,"Saint Augustine, Florida, USA","http://maps.google.com/maps?q=29.940184,+-81.337633+(4015 Lewis Speedway)","120,954.00 (Accurate?: )",22193-220,Used/See Description,INV: FLEET 590,"St Johns County Sheriff's Office, FL",,,,"4015 Lewis Speedway, Saint Augustine, Florida, 32084-8611, USA",Government,,
http://govdeals.com,/asset/40/967,100.0,2024-12-18T14:45:00Z,1FAHP2MK6HG119055,2017,Ford,Taurus,"Isle Of Palms, South Carolina, USA","http://maps.google.com/maps?q=32.785857,+-79.789711+(30 J C Long Blvd)",,967-40,Used/See Description,515,,,,,"30 J C Long Blvd, Isle Of Palms, South Carolina, 29451-2282, USA",Government,,
http://govdeals.com,/asset/63/8472,30.0,2024-12-18T14:45:00Z,1FAHP2MK8KG105911,2019,Ford,Taurus Police AWD,"Montgomery, Illinois, USA","http://maps.google.com/maps?q=41.7216,+-88.3538+(991 Knell St)","103,066.00 (Accurate?: Yes)",8472-63,Used/See Description,891,"Montgomery Village, IL",Mark Wolf,mwolf@montgomeryil.org,+13312129043,"991 Knell St, Montgomery, Illinois, 60538, USA",Government,Clean Title,
http://govdeals.com,/asset/64/8472,402.0,2024-12-18T14:45:00Z,1FAHP2MK3KG112183,2019,Ford,Taurus Police AWD,"Montgomery, Illinois, USA","http://maps.google.com/maps?q=41.7216,+-88.3538+(991 Knell St)","96,337.00 (Accurate?: Yes)",8472-64,Used/See Description,893,"Montgomery Village, IL",Mark Wolf,mwolf@montgomeryil.org,+13312129043,"991 Knell St, Montgomery, Illinois, 60538, USA",Government,Clean Title,
http://govdeals.com,/asset/65/8472,72.0,2024-12-18T14:45:00Z,1FAHP2MK3HG133964,2017,Ford,Taurus Police AWD,"Montgomery, Illinois, USA","http://maps.google.com/maps?q=41.7216,+-88.3538+(991 Knell St)","101,435.00 (Accurate?: Yes)",8472-65,Used/See Description,8972,"Montgomery Village, IL",Mark Wolf,mwolf@montgomeryil.org,+13312129043,"991 Knell St, Montgomery, Illinois, 60538, USA",Government,,
http://govdeals.com,/asset/406/3111,550.0,2024-12-18T14:45:00Z,1FAHP2MKXFG110694,2015,Ford,Taurus,"Fuquay Varina, North Carolina, USA","http://maps.google.com/maps?q=35.571276,+-78.770162+(1415 Holland Rd)","121,850.00 (Accurate?: Yes)",3111-406,Used/See Description,PR 57,"Fuquay-Varina, NC",James Jordan,jjordan@fuquay-varina.org,+19198686005,"1415 Holland Rd, Fuquay Varina, North Carolina, 27526-7894, USA",Government,Clean Title,
http://govdeals.com,/asset/125/9720,1275.0,2024-12-18T14:45:00Z,1FAHP2MT5JG131230,2018,Ford,Taurus,"Alliance, Ohio, USA","http://maps.google.com/maps?q=40.92177,+-81.09824+(504 E Main St)","112,815.00 (Accurate?: Yes)",9720-125,Used/See Description,,"Alliance, OH",Jennifer Merriman,Merrimanja@allianceoh.gov,+13308292235,"504 E Main St, Alliance, Ohio, 44601-2400, USA",Government,,
http://govdeals.com,/asset/5617/23260,110.0,2024-12-18T14:45:00Z,1FAHP2D84HG108866,2017,FORD,TAURUS,"Henrico, Virginia, USA","http://maps.google.com/maps?q=37.494319,+-77.375791+(1910 Darbytown Rd)",,23260-5617,Used/See Description,194-0603-09999,,,,,"1910 Darbytown Rd, Henrico, Virginia, 23231-5312, USA",Government,,
http://govdeals.com,/asset/1396/433,2419.0,2024-12-18T14:45:00Z,1FAHP2L84JG112617,2018,Ford,Taurus,"New Orleans, Louisiana, USA","http://maps.google.com/maps?q=29.99699,+-90.03009+(3800 Alvar St)","60,000.00 (Accurate?: Unknown)",433-1396,Used/See Description,APOL18039,,,,,"3800 Alvar St, , New Orleans, Louisiana, 70126-5504, USA",Government,Clean Title,
http://govdeals.com,/asset/1008/2052,100.0,2024-12-18T14:45:00Z,1FAHP2M88DG148684,2013,Ford,Taurus,"Delray Beach, Florida, USA","http://maps.google.com/maps?q=26.453721,+-80.072966+(434 S Swinton Ave)","72,171.00 (Accurate?: Yes)",2052-1008,Used/See Description,PD-1306,,Andrew Rayfield,rayfield@mydelraybeach.com,+15612437333,"434 S Swinton Ave, Delray Beach, Florida, 33444-3553, USA",Government,Yes: No Title,
http://govdeals.com,/asset/1340/433,438.75,2024-12-18T14:45:00Z,1FAHP2L88JG112605,2018,Ford,Taurus,"New Orleans, Louisiana, USA","http://maps.google.com/maps?q=29.99699,+-90.03009+(3800 Alvar St)","72,000.00 (Accurate?: Unknown)",433-1340,Scrap,APOL18049,,,,,"3800 Alvar St, , New Orleans, Louisiana, 70126-5504, USA",Government,Clean Title,
http://govdeals.com,/asset/221/22193,600.0,2024-12-18T14:45:00Z,1FAHP2MK8GG136793,2016,Ford,Taurus,"Saint Augustine, Florida, USA","http://maps.google.com/maps?q=29.940184,+-81.337633+(4015 Lewis Speedway)","80,485.00 (Accurate?: )",22193-221,Used/See Description,Fleet: 678,"St Johns County Sheriff's Office, FL",,,,"4015 Lewis Speedway, Saint Augustine, Florida, 32084-8611, USA",Government,,
http://govdeals.com,/asset/322/3758,160.0,2024-12-18T14:45:00Z,1FAFP52U12A149104,2002,Ford,Taurus,"Lebanon, Tennessee, USA","http://maps.google.com/maps?q=36.1944694519043,+-86.2734375+(1017 Sparta Pike)","252,630.00 (Accurate?: Yes)",3758-322,Used/See Description,24-006446,"Lebanon Police Department, TN",Sierra Luna,sierra.luna@lebanontn.org,+16154534328,"1017 Sparta Pike, , Lebanon, Tennessee, 37087, USA",Government,Yes: Court Documents Only,
http://govdeals.com,/asset/1705/8318,2585.0,2024-12-18T14:45:00Z,1FAHP2MK7FG194215,2015,Ford,Taurus,"Leesport, Pennsylvania, USA","http://maps.google.com/maps?q=40.383217,+-76.011053+(1238 County Welfare Rd)","53,085.00 (Accurate?: Yes)",8318-1705,Used/See Description,1768,"Berks County, PA",,,,"1238 County Welfare Rd, Leesport, Pennsylvania, 19533-9705, USA",Government,Clean Title,
http://govdeals.com,/asset/22593/2,52.0,2024-12-18T14:45:00Z,1FAHP2L83JG105996,2018,Ford,Taurus,"Nashville, Tennessee, USA","http://maps.google.com/maps?q=36.111561,+-86.691467+(1417 Murfreesboro Pike)","105,901.00 (Accurate?: )",2-22593,Used/See Description,8776AH,"Metropolitan Government of Nashville and Davidson County, TN",,,,"1417 Murfreesboro Pike, Nashville, Tennessee, 37217-3600, USA",Government,,
http://govdeals.com,/asset/37677/8445,1025.0,2024-12-18T14:45:00Z,1FAFP53206A147704,2006,Ford,Taurus,"Tumwater, Washington, USA","http://maps.google.com/maps?q=46.980812,+-122.911591+(7511 New Market St SW)","91,597.00 (Accurate?: Yes)",8445-37677,Used/See Description,24-3739,"State of Washington Surplus Operations, WA",,,,"7511 New Market St SW, [Only by Appointment], Tumwater, Washington, 98501-5701, USA",Government,Clean Title,
http://govdeals.com,/asset/15309/10337,1075.0,2024-12-18T14:45:00Z,1FAHP2MK3FG149479,2015,Ford,Taurus,"Columbus, Ohio, USA","http://maps.google.com/maps?q=39.95633,+-83.115778+(4200 Surface Rd)","141,813.00 (Accurate?: Yes)",10337-15309,Used/See Description,25V259153/B-23,"State of Ohio, OH",,,,"4200 Surface Rd, Columbus, Ohio, 43228-1313, USA",Government,Clean Title,
http://govdeals.com,/asset/733/9288,575.0,2024-12-18T14:45:00Z,1FAHP2MK8FG112962,2015,Ford,Taurus,"Cornwall, Ontario, CAN","http://maps.google.com/maps?q=45.015897,+-74.724046+(100 Water St E)",,9288-733,Used/See Description,24-S102,"Cornwall, ON",,,,"100 Water St E, Cornwall, Ontario, K6H 6G4, CAN",Government,,"96,195.00 (Accurate?: Unknown)"
http://govdeals.com,/asset/2989/7735,4000.0,2024-12-18T14:45:00Z,1FAHP2MK3GG128259,2016,Ford,Taurus Police Interceptor,"Salt Lake City, Utah, USA","http://maps.google.com/maps?q=40.764492,+-111.830017+(2110 East Stover Street)","101,740.00 (Accurate?: Yes)",7735-2989,Used/See Description,166270-1 V04929,"University of Utah, University Surplus and Salvage, UT",Michael Gordon,mike.gordon@utah.edu,+18012132760,"2110 East Stover Street, Salt Lake City, Utah, 84113-4500, USA",Government,Clean Title,
http://govdeals.com,/asset/44784/357,200.0,2024-12-18T14:45:00Z,1FAFP58U5XA288828,1999,Ford,Taurus Wagon,"Statesboro, Georgia, USA","http://maps.google.com/maps?q=32.410795,+-81.764918+(375 Lanier Dr)","140,896.00 (Accurate?: Unknown)",357-44784,Used/See Description,194113 NM,State of Georgia,Department of Administrative Services Surplus Property,publicsurplussales@doas.ga.gov,+14046578544,"375 Lanier Dr, Georgia Southern University, Statesboro, Georgia, 30458-1688, USA",Government,Clean Title,
http://govdeals.com,/asset/572/4553,70.0,2024-12-18T14:45:00Z,1FAHP2MK7HG130839,2017,Ford,Taurus,"Manchester, New Hampshire, USA","http://maps.google.com/maps?q=42.979996,+-71.451658+(480 Hayward St)","82,275.00 (Accurate?: Yes)",4553-572,Used/See Description,634 5 PD-1576,,,,,"480 Hayward St, , Manchester, New Hampshire, 03103-5006, USA",Government,,
http://govdeals.com,/asset/573/4553,10.0,2024-12-18T14:45:00Z,1FAHP2MK7JG137036,2018,Ford,Taurus,"Manchester, New Hampshire, USA","http://maps.google.com/maps?q=42.979996,+-71.451658+(480 Hayward St)","81,532.00 (Accurate?: Yes)",4553-573,Used/See Description,634 34 PD-1655,,,,,"480 Hayward St, , Manchester, New Hampshire, 03103-5006, USA",Government,,
http://govdeals.com,/asset/32265/685,500.0,2024-12-18T14:45:00Z,1FAFP522X1A237680,2001,Ford,Taurus,"Florence, South Carolina, USA","http://maps.google.com/maps?q=34.184088,+-79.754667+(714 E National Cemetery Rd)","218,780.00 (Accurate?: Yes)",685-32265,Used/See Description,256436006 (DDSN Pee Dee),,Kelly Ulmer,Kelly.Ulmer@admin.sc.gov,+18038966880,"714 E National Cemetery Rd, SCDDSN-Pee Dee Regional Center, Florence, South Carolina, 29506-3230, USA",Government,Clean Title,
http://govdeals.com,/asset/118/21880,1525.0,2024-12-18T14:45:00Z,1FAHP2L81DG123580,2013,Ford,Taurus,"Yakima, Washington, USA","http://maps.google.com/maps?q=46.599801,+-120.501607+(200 S 3rd St)","89,523.00 (Accurate?: Yes)",21880-118,Used/See Description,PD1213,"Yakima, WA",,,,"200 S 3rd St, Yakima, Washington, 98901-2830, USA",Government,Clean Title,
http://govdeals.com,/asset/1415/433,2685.8,2024-12-18T14:45:00Z,1FAHP2MK9FG149292,2015,Ford,Taurus,"New Orleans, Louisiana, USA","http://maps.google.com/maps?q=29.99699,+-90.03009+(3800 Alvar St)","90,000.00 (Accurate?: Unknown)",433-1415,Used/See Description,APOL15041,,,,,"3800 Alvar St, , New Orleans, Louisiana, 70126-5504, USA",Government,Clean Title,
http://govdeals.com,/asset/1417/433,2253.2,2024-12-18T14:45:00Z,1FAHP2MKXEG109270,2014,Ford,Taurus,"New Orleans, Louisiana, USA","http://maps.google.com/maps?q=29.99699,+-90.03009+(3800 Alvar St)","100,000.00 (Accurate?: Unknown)",433-1417,Used/See Description,APOL14010,,,,,"3800 Alvar St, , New Orleans, Louisiana, 70126-5504, USA",Government,Clean Title,
http://govdeals.com,/asset/225/21951,313.49,2024-12-18T14:45:00Z,1FAHP2MT2EG111877,2014,Ford,Taurus,"Winder, Georgia, USA","http://maps.google.com/maps?q=33.974816,+-83.654533+(1045 Atlanta Hwy SE)","132,003.00 (Accurate?: Yes)",21951-225,Used/See Description,6857,,,,,"1045 Atlanta Hwy SE, Winder, Georgia, 30680-4458, USA",Government,,
http://govdeals.com,/asset/204/21951,250.0,2024-12-18T14:45:00Z,1FAHP2MK7FG182033,2015,Ford,Taurus,"Winder, Georgia, USA","http://maps.google.com/maps?q=33.974816,+-83.654533+(1045 Atlanta Hwy SE)","98,542.00 (Accurate?: Yes)",21951-204,Used/See Description,7216,,,,,"1045 Atlanta Hwy SE, Winder, Georgia, 30680-4458, USA",Government,Yes: Salvage Title,
http://govdeals.com,/asset/240/12089,1875.0,2024-12-18T14:45:00Z,1FAHP2D96GG136966,2016,Ford,Taurus,"Darien, Illinois, USA","http://maps.google.com/maps?q=41.74439,+-87.985954+(1710 Plainfield Rd)","136,966.00 (Accurate?: Yes)",12089-240,Used/See Description,,"Darien Police Department, IL",,,,"1710 Plainfield Rd, Darien, Illinois, 60561, USA",Government,,
http://govdeals.com,/asset/247/7510,100.0,2024-12-18T14:45:00Z,1FAHP2M87DG188903,2013,Ford,Taurus,"Plainfield, New Jersey, USA","http://maps.google.com/maps?q=40.618854,+-74.418709+(200 E 4th St)",,7510-247,Used/See Description,63,,,,,"200 E 4th St, Plainfield, New Jersey, 07060-1851, USA",Government,,
http://govdeals.com,/asset/246/7510,310.0,2024-12-18T14:45:00Z,1FAHP2M83DG188901,2013,Ford,Taurus,"Plainfield, New Jersey, USA","http://maps.google.com/maps?q=40.618854,+-74.418709+(200 E 4th St)","122,635.00 (Accurate?: Yes)",7510-246,Used/See Description,61,,,,,"200 E 4th St, Plainfield, New Jersey, 07060-1851, USA",Government,,
http://govdeals.com,/asset/306/23691,10.0,2024-12-18T14:45:00Z,1FMDK02W98GA13891,2008,Ford,Taurus X,"Peach Bottom, Pennsylvania, USA","http://maps.google.com/maps?q=39.726859,+-76.154584+(2672 Robert Fulton Hwy)","168,372.00 (Accurate?: Yes)",23691-306,Used/See Description,Lancaster tow away,,,,,"2672 Robert Fulton Hwy, Peach Bottom, Pennsylvania, 17563-9749, USA",Commercial,Clean Title,
http://govdeals.com,/asset/3/27944,6500.0,2024-12-18T14:45:00Z,1FAHP2D98GG136967,2016,Ford,Taurus,"Vero Beach, Florida, USA","http://maps.google.com/maps?q=27.622068,+-80.388803+(1146 US Highway 1)","113,179.00 (Accurate?: )",27944-3,Used/See Description,,,,,,"1146 US Highway 1, Vero Beach, Florida, 32960-5769, USA",Commercial,,
http://govdeals.com,/asset/403/635,500.0,2024-12-18T14:45:00Z,1FAHP2MK8HG129960,2017,FORD,TAURUS POLICE INTERCEPTOR,"Waynesville, North Carolina, USA","http://maps.google.com/maps?q=35.471556,+-83.003814+(221 Hemlock St )","252,789.00 (Accurate?: Yes)",635-403,Used/See Description,,,,,,"221 Hemlock St , Haywood County Garage, Waynesville, North Carolina, 28786-1950, USA",Government,Clean Title,
http://govdeals.com,/asset/402/635,500.0,2024-12-18T14:45:00Z,1FAHP2MK7GG144805,2016,FORD,TAURUS POLICE INTERCEPTOR,"Waynesville, North Carolina, USA","http://maps.google.com/maps?q=35.471556,+-83.003814+(221 Hemlock St )","159,446.00 (Accurate?: Yes)",635-402,Used/See Description,,,,,,"221 Hemlock St , Haywood County Garage, Waynesville, North Carolina, 28786-1950, USA",Government,Clean Title,
http://govdeals.com,/asset/41/967,200.0,2024-12-18T14:45:00Z,1FAHP2MKXGG106596,2016,Ford,Taurus,"Isle Of Palms, South Carolina, USA","http://maps.google.com/maps?q=32.785857,+-79.789711+(30 J C Long Blvd)","159,156.00 (Accurate?: )",967-41,Used/See Description,509,,,,,"30 J C Long Blvd, Isle Of Palms, South Carolina, 29451-2282, USA",Government,,
http://govdeals.com,/asset/37824/8445,1050.0,2024-12-18T14:45:00Z,1FAHP2H89GG119774,2016,Ford,Taurus,"Tumwater, Washington, USA","http://maps.google.com/maps?q=46.980812,+-122.911591+(7511 New Market St SW)","101,556.00 (Accurate?: Yes)",8445-37824,Used/See Description,24-4414,"State of Washington Surplus Operations, WA",,,,"7511 New Market St SW, [Only by Appointment], Tumwater, Washington, 98501-5701, USA",Government,Clean Title,
http://govdeals.com,/asset/171/26468,400.0,2024-12-18T14:45:00Z,,2008,Ford,Taurus,"Sacramento, California, USA","http://maps.google.com/maps?f=q&hl=en&q=Call for Address Sacramento ,+Sacramento,+CA+95823","183,400.00 (Accurate?: Yes)",26468-171,Used/See Description,,,,,,"Call for Address Sacramento , Sacramento, California, 95823, USA",Commercial,Clean Title,
http://govdeals.com,/asset/15081/10337,1525.0,2024-12-18T14:45:00Z,1FAHP2MK3EG105609,2014,Ford,Taurus,"Columbus, Ohio, USA","http://maps.google.com/maps?q=39.95633,+-83.115778+(4200 Surface Rd)","113,787.00 (Accurate?: Yes)",10337-15081,Used/See Description,25V256467/C-26,"State of Ohio, OH",,,,"4200 Surface Rd, Columbus, Ohio, 43228-1313, USA",Government,Clean Title,
http://govdeals.com,/asset/470/4948,500.0,2024-12-18T14:45:00Z,1FAHP2MK5GG111947,2016,Ford,Taurus,"York, South Carolina, USA","http://maps.google.com/maps?q=34.9975,+-81.2074+(521 Complex Ln)",,4948-470,Used/See Description,V#274,,Kendyl Auten,kendyl.auten@yorkcountygov.com,+18038185385,"521 Complex Ln, York, South Carolina, 29745-7677, USA",Government,,
http://govdeals.com,/asset/676/4349,500.0,2024-12-18T14:45:00Z,1FAHP2M85DG110488,2013,Ford,Taurus,"Culpeper, Virginia, USA","http://maps.google.com/maps?q=38.463917,+-77.975983+(15048 Service Ln)","131,732.00 (Accurate?: Yes)",4349-676,Used/See Description,713/933,,Mike Hooser,mhooser@culpeperva.gov,+15407184983,"15048 Service Ln, Culpeper, Virginia, 22701, USA",Government,Clean Title,
http://govdeals.com,/asset/111/4108,1100.0,2024-12-18T14:45:00Z,1FAHP2MKXGG154938,2016,Ford,Taurus Police AWD,"Kirtland, Ohio, USA","http://maps.google.com/maps?q=41.616128,+-81.356358+(9301 Chillicothe Rd)","110,849.00 (Accurate?: No)",4108-111,Used/See Description,899,,,,,"9301 Chillicothe Rd, Kirtland, Ohio, 44094, USA",Government,Clean Title,
http://govdeals.com,/asset/15074/7167,25.0,2024-12-18T14:45:00Z,1FAHP2L87JG125619,2018,Ford,Taurus,"Doral, Florida, USA","http://maps.google.com/maps?q=25.826218,+-80.340668+(8801 NW 58th St)","109,413.00 (Accurate?: Yes)",7167-15074,Used/See Description,5755A,"Miami-Dade County, FL",,,,"8801 NW 58th St, Entrance Is on 87th Avenue, Doral, Florida, 33178-1603, USA",Government,,
http://govdeals.com,/asset/225/22193,1000.0,2024-12-18T14:45:00Z,1FAHP2MK6GG109995,2016,Ford,Taurus,"Saint Augustine, Florida, USA","http://maps.google.com/maps?q=29.956499099731445,+-81.50640106201172+(900 Law Enforcement Way)","92,419.00 (Accurate?: Yes)",22193-225,Used/See Description,FLEET,"St Johns County Sheriff's Office, FL",,,,"900 Law Enforcement Way, , Saint Augustine, Florida, 32092, USA",Government,Clean Title,
http://govdeals.com,/asset/13/23861,100.0,2024-12-18T14:45:00Z,1FAHP2MT2GG133641,2016,Ford,Taurus,"Center Conway, New Hampshire, USA","http://maps.google.com/maps?q=43.9954,+-71.06+(1634 E Main St)","104,778.00 (Accurate?: )",23861-13,Used/See Description,,"Conway, NH",,,,"1634 E Main St, Center Conway, New Hampshire, 03813-4117, USA",Government,Clean Title,
http://govdeals.com,/asset/59/6034,150.0,2024-12-18T14:45:00Z,1FAHP2M83DG124289,2013,Ford,Taurus,"Louisville, Kentucky, USA","http://maps.google.com/maps?q=38.20092,+-85.731685+(3340 Robin Rd)","114,474.00 (Accurate?: Yes)",6034-59,Used/See Description,24-289,,Mike Murdoch,mmurdoch@audubonparkky.gov,+15026375066,"3340 Robin Rd, Louisville, Kentucky, 40213-1336, USA",Government,Clean Title,
http://govdeals.com,/asset/224/22193,900.0,2024-12-18T14:45:00Z,1FAHP2MK9GG109974,2016,Ford,Taurus,"Saint Augustine, Florida, USA","http://maps.google.com/maps?q=29.956499099731445,+-81.50640106201172+(900 Law Enforcement Way)","82,209.00 (Accurate?: Yes)",22193-224,Used/See Description,FLEET,"St Johns County Sheriff's Office, FL",,,,"900 Law Enforcement Way, , Saint Augustine, Florida, 32092, USA",Government,Clean Title,
http://govdeals.com,/asset/37/27679,1200.0,2024-12-18T14:45:00Z,1FAHP2MT4DG227516,2013,Ford,Taurus,"Port Jeff Sta, New York, USA","http://maps.google.com/maps?f=q&hl=en&q=1575 NY-112,+Port Jeff Sta,+NY+11776","139,337.00 (Accurate?: Yes)",27679-37,Used/See Description,710252,,,,,"1575 NY-112, Port Jeff Sta, New York, 11776, USA",Commercial,Clean Title,
http://govdeals.com,/asset/1440/433,431.6,2024-12-18T14:45:00Z,1FAFP53U03A266964,2003,Ford,Taurus,"New Orleans, Louisiana, USA","http://maps.google.com/maps?q=29.99699,+-90.03009+(3800 Alvar St)","210,000.00 (Accurate?: Unknown)",433-1440,Used/See Description,FMC5000,,,,,"3800 Alvar St, , New Orleans, Louisiana, 70126-5504, USA",Government,Yes: No Title,
http://govdeals.com,/asset/32/8005,1000.0,2024-12-18T14:45:00Z,1FAHP2MK5EG124212,2014,Ford,Taurus,"Granville, Ohio, USA","http://maps.google.com/maps?q=40.059867,+-82.533265+(1552 Columbus Rd)","140,156.00 (Accurate?: Yes)",8005-32,Used/See Description,,"Granville Village, OH",,,,"1552 Columbus Rd, , Granville, Ohio, 43023-1230, USA",Government,Clean Title,
http://govdeals.com,/asset/155/14126,300.0,2024-12-18T14:45:00Z,1FAHP2MK1FG121499,2015,Ford,Taurus,"Danbury, North Carolina, USA","http://maps.google.com/maps?q=36.41211,+-80.214551+(1014 N Main St)","197,246.00 (Accurate?: Yes)",14126-155,Used/See Description,446,"Stokes County Government, NC",,,,"1014 N Main St, PO Box 20, Danbury, North Carolina, 27016-7418, USA",Government,Clean Title,
http://govdeals.com,/asset/226/22193,700.0,2024-12-18T14:45:00Z,1FAHP2MK1FG132017,2015,Ford,Taurus,"Saint Augustine, Florida, USA","http://maps.google.com/maps?q=29.956499099731445,+-81.50640106201172+(900 Law Enforcement Way)","101,055.00 (Accurate?: Yes)",22193-226,Used/See Description,FLEET,"St Johns County Sheriff's Office, FL",,,,"900 Law Enforcement Way, , Saint Augustine, Florida, 32092, USA",Government,Clean Title,
http://govdeals.com,/asset/154/14126,300.0,2024-12-18T14:45:00Z,1FAHP2MK7JG114324,2018,Ford,Taurus,"Danbury, North Carolina, USA","http://maps.google.com/maps?q=36.41211,+-80.214551+(1014 N Main St)","127,553.00 (Accurate?: Yes)",14126-154,Used/See Description,513,"Stokes County Government, NC",,,,"1014 N Main St, PO Box 20, Danbury, North Carolina, 27016-7418, USA",Government,Clean Title,
http://govdeals.com,/asset/14/23861,100.0,2024-12-18T14:45:00Z,1FAHP2MT1FG114898,2015,Ford,Taurus,"Center Conway, New Hampshire, USA","http://maps.google.com/maps?q=43.9954,+-71.06+(1634 E Main St)",,23861-14,Used/See Description,,"Conway, NH",,,,"1634 E Main St, Center Conway, New Hampshire, 03813-4117, USA",Government,Clean Title,
http://govdeals.com,/asset/3431/484,1800.0,2024-12-18T14:45:00Z,1FAHP2MK0FG133840,2015,Ford,Taurus,"Cedar Rapids, Iowa, USA","http://maps.google.com/maps?q=41.962741,+-91.675836+(500 15th Ave SW)","114,648.00 (Accurate?: Yes)",484-3431,Used/See Description,,"Cedar Rapids, IA",Jacob Schmitz,surplus@cedar-rapids.org,+13192865781,"500 15th Ave SW, Cedar Rapids, Iowa, 52404-2631, USA",Government,,
http://govdeals.com,/asset/156/14126,323.0,2024-12-18T14:45:00Z,1FAHP2D97DG152993,2013,Ford,Taurus,"Danbury, North Carolina, USA","http://maps.google.com/maps?q=36.41211,+-80.214551+(1014 N Main St)","150,573.00 (Accurate?: Yes)",14126-156,Used/See Description,524,"Stokes County Government, NC",,,,"1014 N Main St, PO Box 20, Danbury, North Carolina, 27016-7418, USA",Government,Clean Title,
http://govdeals.com,/asset/26/27209,9500.0,2024-12-18T14:45:00Z,1FAHP2H88HG111442,2017,Ford,Taurus,"Clarksville, Tennessee, USA","http://maps.google.com/maps?q=36.604598,+-87.425486+(2188 Fort Campbell Blvd)","115,007.00 (Accurate?: )",27209-26,Used/See Description,,,,,,"2188 Fort Campbell Blvd, Clarksville, Tennessee, 37042-7989, USA",Commercial,Clean Title,
http://govdeals.com,/asset/102/2640,500.0,2024-12-18T14:45:00Z,1FAHP2MT6DG150888,2013,Ford,Taurus,"Cleveland, Ohio, USA","http://maps.google.com/maps?q=41.43935,+-81.65113+(5480 Grant Ave)","118,652.00 (Accurate?: Yes)",2640-102,Used/See Description,,,David Sammons,servicedirector@cuyahogaheights.com,+12166413505,"5480 Grant Ave, , Cleveland, Ohio, 44125-1074, USA",Government,,
http://govdeals.com,/asset/44911/357,443.49,2024-12-18T14:45:00Z,1FAFP58U72A228297,2002,Ford,Taurus Wagon,"Athens, Georgia, USA","http://maps.google.com/maps?q=33.930793,+-83.364622+(205 Riverbend Rd)","44,101.00 (Accurate?: Unknown)",357-44911,Used/See Description,194750 AJ,State of Georgia,Department of Administrative Services Surplus Property,publicsurplussales@doas.ga.gov,+14046578544,"205 Riverbend Rd, University of Georgia - Automotive Center, Athens, Georgia, 30602-1515, USA",Government,Clean Title,
http://govdeals.com,/asset/1442/26446,500.0,2024-12-18T14:45:00Z,1FAHP2MT4FG146390,2015,Ford,Taurus,"Salt Point, New York, USA","http://maps.google.com/maps?f=q&hl=en&q=2541 US 44,+Salt Point,+NY+12578","139,425.00 (Accurate?: Unknown)",26446-1442,Used/See Description,150462,,,,,"2541 US 44, Salt Point, New York, 12578, USA",Government,Clean Title,
http://govdeals.com,/asset/216/313,1000.0,2024-12-18T14:45:00Z,1FAHP2MK5HG102859,2017,Ford,Taurus,"Athens, Tennessee, USA","http://maps.google.com/maps?q=35.450943,+-84.598014+(815 North Jackson Street)","113,719.00 (Accurate?: Yes)",313-216,Used/See Description,,"Athens, TN",Rodney Peeler,rpeeler@athenstn.gov,+14237442777,"815 North Jackson Street, Athens, Tennessee, 37303-2652, USA",Government,Clean Title,
http://govdeals.com,/asset/406/635,825.0,2024-12-18T14:45:00Z,1FAHP2MK7GG144805,2016,FORD,TAURUS POLICE INTERCEPTOR,"Waynesville, North Carolina, USA","http://maps.google.com/maps?q=35.471556,+-83.003814+(221 Hemlock St )","159,446.00 (Accurate?: Yes)",635-406,Used/See Description,,,,,,"221 Hemlock St , Haywood County Garage, Waynesville, North Carolina, 28786-1950, USA",Government,Clean Title,
http://govdeals.com,/asset/10352/2381,300.0,2024-12-18T14:45:00Z,1FAFP52U23G165794,2003,Ford,Taurus,"El Paso, Texas, USA","http://maps.google.com/maps?q=31.742275,+-106.343621+(7969 San Paulo Dr)","92,223.00 (Accurate?: Unknown)",2381-10352,Used/See Description,03024,,,,,"7969 San Paulo Dr, , El Paso, Texas, 79907-1246, USA",Government,Clean Title,
http://govdeals.com,/asset/149/5733,10.0,2024-12-18T14:45:00Z,1FAHP2MKXKG106445,2019,Ford,Taurus,"Waterford, Connecticut, USA","http://maps.google.com/maps?q=41.341924,+-72.133404+(15 Rope Ferry Rd)","130,049.00 (Accurate?: Yes)",5733-149,Used/See Description,101656,"Waterford, CT",,,,"15 Rope Ferry Rd, Waterford, Connecticut, 06385-2806, USA",Government,Clean Title,
http://govdeals.com,/asset/393/1880,210.0,2024-12-18T14:45:00Z,1FAHP2MKXKG102895,2019,Ford,Taurus,"Lynchburg, Virginia, USA","http://maps.google.com/maps?q=37.40901565551758,+-79.15921020507812+(1700 Memorial Ave)","142,860.00 (Accurate?: Yes)",1880-393,Used/See Description,3604,,,,,"1700 Memorial Ave, Fleet Services (green & brown building at 1650 Memorial Ave), Lynchburg, Virginia, 24501, USA",Government,Clean Title,
http://govdeals.com,/asset/422/1880,310.0,2024-12-18T14:45:00Z,1FAHP2MK6HG145669,2017,Ford,Taurus,"Lynchburg, Virginia, USA","http://maps.google.com/maps?q=37.40901565551758,+-79.15921020507812+(1700 Memorial Ave)","106,778.00 (Accurate?: Yes)",1880-422,Used/See Description,3560,,,,,"1700 Memorial Ave, Fleet Services (green & brown building at 1650 Memorial Ave), Lynchburg, Virginia, 24501, USA",Government,Clean Title,
http://govdeals.com,/asset/7/27551,600.0,2024-12-18T14:45:00Z,1FAHP2M84DG148519,2013,Ford,Taurus,"Steubenville, Ohio, USA","http://maps.google.com/maps?q=40.361587,+-80.61602+(153 N 5th St)","100,000.00 (Accurate?: )",27551-7,Used/See Description,security car black,"Jefferson Metropolitan Housing Authority, OH",,,,"153 N 5th St, Steubenville, Ohio, 43952-2175, USA",Government,,
http://govdeals.com,/asset/45/23566,1600.0,2024-12-18T14:45:00Z,1FAHP2E81DG105089,2013,Ford,Taurus,"Sugar Land, Texas, USA","http://maps.google.com/maps?q=29.668366,+-95.623955+(10110 Belknap Rd)","130,600.00 (Accurate?: Yes)",23566-45,Used/See Description,,,,,,"10110 Belknap Rd, Sugar Land, Texas, 77498-1110, USA",Commercial,Yes: Salvage Title,
http://govdeals.com,/asset/5609/1877,539.14,2024-12-18T14:45:00Z,1FAFP52234A152393,2004,FORD,TAURUS,"Virginia Beach, Virginia, USA","http://maps.google.com/maps?q=36.746321,+-76.041241+(2633 Leroy Rd)","78,480.00 (Accurate?: Yes)",1877-5609,Used/See Description,Sale #10 - Inv. #146183,"Virginia Beach, VA",,,,"2633 Leroy Rd, Virginia Beach, Virginia, 23456-3596, USA",Government,,
http://govdeals.com,/asset/5611/1877,310.0,2024-12-18T14:45:00Z,1FAFP52294A152396,2004,FORD,TAURUS,"Virginia Beach, Virginia, USA","http://maps.google.com/maps?q=36.746321,+-76.041241+(2633 Leroy Rd)","91,103.00 (Accurate?: Yes)",1877-5611,Used/See Description,Sale #12 - Inv. #146182,"Virginia Beach, VA",,,,"2633 Leroy Rd, Virginia Beach, Virginia, 23456-3596, USA",Government,,
http://govdeals.com,/asset/34/26041,211.0,2024-12-18T14:45:00Z,1FAHP2MK1EG107245,2014,Ford,Taurus,"Everett, Massachusetts, USA","http://maps.google.com/maps?f=q&hl=en&q=484 Broadway,+Everett,+MA+02149",,26041-34,Used/See Description,,"Everett, MA",,,,"484 Broadway, , Everett, Massachusetts, 02149, USA",Government,Clean Title,
http://govdeals.com,/asset/14/26041,211.0,2024-12-18T14:45:00Z,1FAHP2MKXEG107244,2014,Ford,Taurus,"Everett, Massachusetts, USA","http://maps.google.com/maps?f=q&hl=en&q=484 Broadway,+Everett,+MA+02149",,26041-14,Used/See Description,S-2,"Everett, MA",,,,"484 Broadway, , Everett, Massachusetts, 02149, USA",Government,Clean Title,
http://govdeals.com,/asset/66/22202,10.0,2024-12-18T14:45:00Z,1FAHP2DW9AG104011,2010,Ford,Taurus,"Somerville, Massachusetts, USA","http://maps.google.com/maps?q=42.386724,+-71.096238+(93 Highland Ave)",,22202-66,Used/See Description,4NX920,"Somerville, MA",,,,"93 Highland Ave, Somerville, Massachusetts, 02143-1740, USA",Government,Yes: No Title,
http://govdeals.com,/asset/409/61,335.0,2024-12-18T14:45:00Z,1FAHP2MK2FG159775,2015,Ford,Taurus,"Bunnell, Florida, USA","http://maps.google.com/maps?q=29.493096,+-81.290307+(1001 Justice Ln)","137,146.00 (Accurate?: Yes)",61-409,Used/See Description,5676,,,,,"1001 Justice Ln, Bunnell, Florida, 32110-4434, USA",Government,Clean Title,
http://govdeals.com,/asset/408/61,160.0,2024-12-18T14:45:00Z,1FAHP2MK9FG159787,2015,Ford,Taurus,"Bunnell, Florida, USA","http://maps.google.com/maps?q=29.493096,+-81.290307+(1001 Justice Ln)","139,107.00 (Accurate?: Yes)",61-408,Used/See Description,5669,,,,,"1001 Justice Ln, Bunnell, Florida, 32110-4434, USA",Government,Clean Title,
http://govdeals.com,/asset/352/21951,250.0,2024-12-18T14:45:00Z,1FAHP2MK2GG123327,2016,Ford,Taurus,"Winder, Georgia, USA","http://maps.google.com/maps?q=33.974816,+-83.654533+(1045 Atlanta Hwy SE)","76,855.00 (Accurate?: Yes)",21951-352,Used/See Description,7618,,,,,"1045 Atlanta Hwy SE, Winder, Georgia, 30680-4458, USA",Government,Yes: Salvage Title,
http://govdeals.com,/asset/21/22405,500.0,2024-12-18T14:45:00Z,1FAHP2MK3JG136031,2018,Ford,Taurus,"Norwich, Connecticut, USA","http://maps.google.com/maps?q=41.530087,+-72.091205+(219 Asylum St)","102,484.00 (Accurate?: )",22405-21,Used/See Description,ZZ10,"Norwich, CT",,,,"219 Asylum St, Norwich, Connecticut, 06360-4126, USA",Government,Clean Title,
http://govdeals.com,/asset/23/22405,100.0,2024-12-18T14:45:00Z,1FAHP2MK4FG159650,2015,Ford,Taurus,"Norwich, Connecticut, USA","http://maps.google.com/maps?q=41.530087,+-72.091205+(219 Asylum St)","90,708.00 (Accurate?: Yes)",22405-23,Used/See Description,13,"Norwich, CT",,,,"219 Asylum St, Norwich, Connecticut, 06360-4126, USA",Government,Clean Title,
http://govdeals.com,/asset/55/22202,10.0,2024-12-18T14:45:00Z,1FAHP2DW7BG118670,2011,Ford,Taurus,"Somerville, Massachusetts, USA","http://maps.google.com/maps?q=42.386724,+-71.096238+(93 Highland Ave)",,22202-55,Used/See Description,756HP3,"Somerville, MA",,,,"93 Highland Ave, Somerville, Massachusetts, 02143-1740, USA",Government,Yes: No Title,
http://govdeals.com,/asset/6752/12,100.0,2024-12-18T14:45:00Z,1FAHP2L87DG132039,2013,Ford,Taurus,"Tallahassee, Florida, USA","http://maps.google.com/maps?q=30.435637,+-84.334587+(2621 Municipal Way)","105,303.00 (Accurate?: Yes)",12-6752,Used/See Description,FLEET / #100425,"Tallahassee, FL",Glenn Strickland,glenn.strickland@talgov.com,+18506944747,"2621 Municipal Way, Tallahassee, Florida, 32304-3803, USA",Government,Clean Title,
http://govdeals.com,/asset/22/22405,210.0,2024-12-18T14:45:00Z,1FAHP2MK9KG108462,2019,Ford,Taurus,"Norwich, Connecticut, USA","http://maps.google.com/maps?q=41.530087,+-72.091205+(219 Asylum St)","92,635.00 (Accurate?: )",22405-22,Used/See Description,11,"Norwich, CT",,,,"219 Asylum St, Norwich, Connecticut, 06360-4126, USA",Government,Clean Title,
http://govdeals.com,/asset/65/22202,10.0,2024-12-18T14:45:00Z,1FAHP2DW2AG135276,2010,Ford,Taurus,"Somerville, Massachusetts, USA","http://maps.google.com/maps?q=42.386724,+-71.096238+(93 Highland Ave)",,22202-65,Used/See Description,236KH9,"Somerville, MA",,,,"93 Highland Ave, Somerville, Massachusetts, 02143-1740, USA",Government,Yes: No Title,
http://govdeals.com,/asset/2644/12168,1025.0,2024-12-18T14:45:00Z,1FAHP2D86FG204057,2015,Ford,Taurus,"Indianapolis, Indiana, USA","http://maps.google.com/maps?q=39.756097,+-86.169778+(601 W McCarty St)","188,064.00 (Accurate?: Yes)",12168-2644,Used/See Description,3937 ISP,"State of Indiana Fleet Services, IN",,,,"601 W McCarty St, Suite 125, Indianapolis, Indiana, 46225-1214, USA",Government,Clean Title,
http://govdeals.com,/asset/25/22405,210.0,2024-12-18T14:45:00Z,1FAHP2MK2KG108464,2019,Ford,Taurus Interceptor,"Norwich, Connecticut, USA","http://maps.google.com/maps?q=41.530087,+-72.091205+(219 Asylum St)","113,609.00 (Accurate?: Yes)",22405-25,Used/See Description,ZZ40,"Norwich, CT",,,,"219 Asylum St, Norwich, Connecticut, 06360-4126, USA",Government,Clean Title,
http://govdeals.com,/asset/110/7923,200.0,2024-12-18T14:45:00Z,1FAFP53U96A106277,2006,Ford,Taurus,"Oilville, Virginia, USA","http://maps.google.com/maps?q=37.69776,+-77.76378+(1980 Triple T Rd)","160,831.00 (Accurate?: Yes)",7923-110,Used/See Description,CAR 130,"Goochland County Public Schools, VA",,,,"1980 Triple T Rd, Gcps Transportation Shop, Oilville, Virginia, 23129-2206, USA",Government,,
http://govdeals.com,/asset/112/7923,324.14,2024-12-18T14:45:00Z,1FAFP53U36A102127,2006,Ford,Taurus,"Oilville, Virginia, USA","http://maps.google.com/maps?q=37.69776,+-77.76378+(1980 Triple T Rd)","177,546.00 (Accurate?: Yes)",7923-112,Used/See Description,CAR 131,"Goochland County Public Schools, VA",,,,"1980 Triple T Rd, Gcps Transportation Shop, Oilville, Virginia, 23129-2206, USA",Government,,
http://govdeals.com,/asset/22726/2,2.0,2024-12-18T14:45:00Z,1FAHP2L89GG142124,2016,Ford,Taurus,"Nashville, Tennessee, USA","http://maps.google.com/maps?q=36.111561,+-86.691467+(1417 Murfreesboro Pike)","85,088.00 (Accurate?: )",2-22726,Used/See Description,8541AF,"Metropolitan Government of Nashville and Davidson County, TN",,,,"1417 Murfreesboro Pike, Nashville, Tennessee, 37217-3600, USA",Government,,
http://govdeals.com,/asset/22763/2,1.0,2024-12-18T14:45:00Z,1FAHP2L86JG142489,2018,Ford,Taurus,"Nashville, Tennessee, USA","http://maps.google.com/maps?q=36.111561,+-86.691467+(1417 Murfreesboro Pike)","55,473.00 (Accurate?: )",2-22763,Used/See Description,5194AH,"Metropolitan Government of Nashville and Davidson County, TN",,,,"1417 Murfreesboro Pike, Nashville, Tennessee, 37217-3600, USA",Government,,
http://govdeals.com,/asset/123/3082,500.0,2024-12-18T14:45:00Z,1FAHP2MK4EG164670,2014,Ford,Taurus,"Etowah, Tennessee, USA","http://maps.google.com/maps?q=35.316758,+-84.529002+(1317 Tennessee Ave)","78,475.00 (Accurate?: Yes)",3082-123,Used/See Description,Police,,,,,"1317 Tennessee Ave, Etowah, Tennessee, 37331-1227, USA",Government,Clean Title,
http://govdeals.com,/asset/22600/2,1.0,2024-12-18T14:45:00Z,1FAHP2L88JG106061,2018,Ford,Taurus,"Nashville, Tennessee, USA","http://maps.google.com/maps?q=36.111561,+-86.691467+(1417 Murfreesboro Pike)","96,195.00 (Accurate?: Unknown)",2-22600,Used/See Description,8781AH,"Metropolitan Government of Nashville and Davidson County, TN",,,,"1417 Murfreesboro Pike, Nashville, Tennessee, 37217-3600, USA",Government,,
http://govdeals.com,/asset/4/27398,1000.0,2024-12-18T14:45:00Z,1FAFP5320YG253652,2000,Ford,Taurus,"Belvidere, Illinois, USA","http://maps.google.com/maps?q=42.256887,+-88.839261+(401 Whitney Blvd)","95,071.00 (Accurate?: Yes)",27398-4,Used/See Description,,"Belvidere, IL",,,,"401 Whitney Blvd, Belvidere, Illinois, 61008-3799, USA",Government,Clean Title,
http://govdeals.com,/asset/109/7923,300.0,2024-12-18T14:45:00Z,1FAFP53U76A124535,2006,Ford,Taurus,"Oilville, Virginia, USA","http://maps.google.com/maps?q=37.69776,+-77.76378+(1980 Triple T Rd)","228,361.00 (Accurate?: Yes)",7923-109,Used/See Description,CAR 128,"Goochland County Public Schools, VA",,,,"1980 Triple T Rd, Gcps Transportation Shop, Oilville, Virginia, 23129-2206, USA",Government,,
http://govdeals.com,/asset/22073/2,237.0,2024-12-18T14:45:00Z,1FAHP2L88GG138372,2016,Ford,Taurus,"Nashville, Tennessee, USA","http://maps.google.com/maps?q=36.111561,+-86.691467+(1417 Murfreesboro Pike)","128,473.00 (Accurate?: )",2-22073,Used/See Description,8516AF,"Metropolitan Government of Nashville and Davidson County, TN",,,,"1417 Murfreesboro Pike, Nashville, Tennessee, 37217-3600, USA",Government,,
http://govdeals.com,/asset/113/7923,310.0,2024-12-18T14:45:00Z,1FAFP53U16A124756,2006,Ford,Taurus,"Oilville, Virginia, USA","http://maps.google.com/maps?q=37.69776,+-77.76378+(1980 Triple T Rd)","223,381.00 (Accurate?: Yes)",7923-113,Used/See Description,CAR 132,"Goochland County Public Schools, VA",,,,"1980 Triple T Rd, Gcps Transportation Shop, Oilville, Virginia, 23129-2206, USA",Government,,
http://govdeals.com,/asset/111/7923,248.0,2024-12-18T14:45:00Z,1FAFP53U86A124530,2006,Ford,Taurus,"Oilville, Virginia, USA","http://maps.google.com/maps?q=37.69776,+-77.76378+(1980 Triple T Rd)","173,217.00 (Accurate?: Yes)",7923-111,Used/See Description,CAR 129,"Goochland County Public Schools, VA",,,,"1980 Triple T Rd, Gcps Transportation Shop, Oilville, Virginia, 23129-2206, USA",Government,,
http://govdeals.com,/asset/467/10563,950.0,2024-12-18T14:45:00Z,1FAHP2MK1FG148993,2015,Ford,Taurus,"Marion, Iowa, USA","http://maps.google.com/maps?q=42.0257682800293,+-91.56706237792969+(202 44th St)","118,540.00 (Accurate?: Yes)",10563-467,Used/See Description,T5,"Marion, IA",,,,"202 44th St, , Marion, Iowa, 52302, USA",Government,,
http://govdeals.com,/asset/4277/1425,525.0,2024-12-18T14:45:00Z,1FAHP2M82DG204747,2013,Ford,Taurus,"Alexandria, Virginia, USA","http://maps.google.com/maps?q=38.80733,+-77.053465+(3128 Business Center Drive)","70,586.00 (Accurate?: Unknown)",1425-4277,Used/See Description,1300,,Zubair Samiz,zubair.samiz@alexandriava.gov,+17037464304,"3128 Business Center Drive, , Alexandria, Virginia, 22314, USA",Government,Clean Title,
http://govdeals.com,/asset/852/519,975.0,2024-12-18T14:45:00Z,1FAHP2MK8EG148486,2014,Ford,Taurus,"Lexington, North Carolina, USA","http://maps.google.com/maps?q=35.831621,+-80.243555+(925 N Main St)","191,865.00 (Accurate?: Yes)",519-852,Used/See Description,14890,,Thomas Inman,Thomas.Inman@DavidsonCountyNC.gov,+13362422096,"925 N Main St, Lexington, North Carolina, 27292-2694, USA",Government,,
http://govdeals.com,/asset/132/9127,20.0,2024-12-18T14:45:00Z,1FAHP2MKXGG111880,2016,Ford,Taurus,"Warwick, Rhode Island, USA","http://maps.google.com/maps?q=41.698887,+-71.458719+(3275 Post Rd)",,9127-132,Scrap,,"Warwick, RI",,,,"3275 Post Rd, Warwick, Rhode Island, 02886-7145, USA",Government,Clean Title,
http://govdeals.com,/asset/4279/1425,500.0,2024-12-18T14:45:00Z,1FAHP2MK9EG157908,2014,Ford,Taurus,"Alexandria, Virginia, USA","http://maps.google.com/maps?q=38.80733,+-77.053465+(3128 Business Center Drive)","90,582.00 (Accurate?: Unknown)",1425-4279,Used/See Description,1406,,Zubair Samiz,zubair.samiz@alexandriava.gov,+17037464304,"3128 Business Center Drive, , Alexandria, Virginia, 22314, USA",Government,Clean Title,
http://govdeals.com,/asset/850/519,221.0,2024-12-18T14:45:00Z,1FAHP2MK5EG148493,2014,Ford,Taurus,"Lexington, North Carolina, USA","http://maps.google.com/maps?q=35.831621,+-80.243555+(925 N Main St)","207,099.00 (Accurate?: Yes)",519-850,Used/See Description,14897,,Thomas Inman,Thomas.Inman@DavidsonCountyNC.gov,+13362422096,"925 N Main St, Lexington, North Carolina, 27292-2694, USA",Government,,
http://govdeals.com,/asset/32683/685,3000.0,2024-12-18T14:45:00Z,1FAHP2L87KG108465,2019,Ford,Taurus,"West Columbia, South Carolina, USA","http://maps.google.com/maps?q=33.950918,+-81.110915+(1441 Boston Ave )","155,626.00 (Accurate?: Yes)",685-32683,Used/See Description,257858006 (Front Fence),,Bob Carson,bob.carson@admin.sc.gov,+18038966880,"1441 Boston Ave , West Columbia, South Carolina, 29170-2137, USA",Government,Clean Title,
http://govdeals.com,/asset/426/1880,260.0,2024-12-18T14:45:00Z,1FAHP2MK7FG146181,2015,Ford,Taurus,"Lynchburg, Virginia, USA","http://maps.google.com/maps?q=37.40901565551758,+-79.15921020507812+(1700 Memorial Ave)","110,618.00 (Accurate?: Yes)",1880-426,Used/See Description,3424,,,,,"1700 Memorial Ave, Fleet Services (green & brown building at 1650 Memorial Ave), Lynchburg, Virginia, 24501, USA",Government,Clean Title,
http://govdeals.com,/asset/4655/1095,300.0,2024-12-18T14:45:00Z,1FAHP2D85GG148310,2016,Ford,Taurus,"Philadelphia, Pennsylvania, USA","http://maps.google.com/maps?f=q&hl=en&q=2850 Lewis St,+Philadelphia,+PA+19137","117,287.00 (Accurate?: )",1095-4655,Used/See Description,165465,,,,,"2850 Lewis St, Philadelphia, Pennsylvania, 19137, USA",Government,,
http://govdeals.com,/asset/449/3514,605.0,2024-12-18T14:45:00Z,1FAHP2MK5HG106734,2017,Ford,Taurus,"Chatsworth, Georgia, USA","http://maps.google.com/maps?q=34.766464,+-84.771169+(121 N 4th Ave )",,3514-449,Used/See Description,,"Murray County Government, GA",Matthew Sanford,msanford@murraycountyga.gov,+17066953231,"121 N 4th Ave , Chatsworth, Georgia, 30705-2899, USA",Government,Clean Title,
http://govdeals.com,/asset/45/3476,360.0,2024-12-18T14:45:00Z,1FAHP2M88DG205062,2013,Ford,Taurus,"Leeds, Alabama, USA","http://maps.google.com/maps?q=33.544088,+-86.564395+(1040 Park Dr)","150,000.00 (Accurate?: Yes)",3476-45,Used/See Description,1304,"Leeds, AL",Mike Phillips,mphillips@leedsalabama.gov,+12056992581,"1040 Park Dr, , Leeds, Alabama, 35094-1896, USA",Government,Clean Title,
http://govdeals.com,/asset/46/3476,1000.0,2024-12-18T14:45:00Z,1FAHP2MT4DG205063,2013,Ford,Taurus,"Leeds, Alabama, USA","http://maps.google.com/maps?q=33.544088,+-86.564395+(1040 Park Dr)","119,000.00 (Accurate?: Yes)",3476-46,Used/See Description,1306,"Leeds, AL",Mike Phillips,mphillips@leedsalabama.gov,+12056992581,"1040 Park Dr, , Leeds, Alabama, 35094-1896, USA",Government,Clean Title,
http://govdeals.com,/asset/551/1014,550.0,2024-12-18T14:45:00Z,1FAHP53U55A274067,2005,Ford,Taurus,"Dahlonega, Georgia, USA","http://maps.google.com/maps?q=34.482895,+-83.930196+(1646 Red Oak Flats Rd)","218,793.00 (Accurate?: Yes)",1014-551,Used/See Description,4067,,,,,"1646 Red Oak Flats Rd, Dahlonega, Georgia, 30533-8212, USA",Government,,
http://govdeals.com,/asset/159/24433,600.0,2024-12-18T14:45:00Z,1FAHP2F88FG157496,2015,Ford,Taurus,"Sanford, Florida, USA","http://maps.google.com/maps?q=28.787108,+-81.225077+(2461 1st St)","176,416.00 (Accurate?: Yes)",24433-159,Used/See Description,,,,,,"2461 1st St, Sanford, Florida, 32771-8425, USA",Commercial,,
http://govdeals.com,/asset/91/27018,100.0,2024-12-18T14:45:00Z,1FAHP2L88HG123677,2017,Ford,Taurus,"Hempstead, Texas, USA","http://maps.google.com/maps?q=30.122507095336914,+-96.10564422607422+(52130 Highway 290)",,27018-91,Used/See Description,,,,,,"52130 Highway 290, , Hempstead, Texas, 77445, USA",Commercial,Clean Title,
http://govdeals.com,/asset/731/21379,110.0,2024-12-18T14:45:00Z,1FAFP532X2G228300,2002,Ford,Taurus,"West Sacramento, California, USA","http://maps.google.com/maps?q=38.592304,+-121.55499+(3300 Reed Ave)","184,494.00 (Accurate?: Yes)",21379-731,Used/See Description,1111818,,,,,"3300 Reed Ave, West Sacramento, California, 95605-1631, USA",Government,Clean Title,
http://govdeals.com,/asset/2262/2129,230.49,2024-12-18T14:45:00Z,1FAHP2MK4JG107363,2018,Ford,Taurus,"Jonesboro, Georgia, USA","http://maps.google.com/maps?q=33.541027,+-84.345377+(7860 N McDonough St)",,2129-2262,Used/See Description,T-25 SP68,"Clayton County Public Schools, GA",,,,"7860 N McDonough St, Jonesboro, Georgia, 30236-2435, USA",Government,,
http://govdeals.com,/asset/1/27733,1000.0,2024-12-18T14:45:00Z,1FAHP2MK8FG143984,2015,Ford,Taurus,"Webb City, Missouri, USA","http://maps.google.com/maps?q=37.14626,+-94.464529+(211 W Broadway St)","85,000.00 (Accurate?: Yes)",27733-1,Used/See Description,,,,,,"211 W Broadway St, Webb City, Missouri, 64870-1909, USA",Government,,
http://govdeals.com,/asset/3931/7547,494.0,2024-12-18T14:45:00Z,1FAFP53286A203355,2006,Ford,Taurus,"Tempe, Arizona, USA","http://maps.google.com/maps?q=33.401076,+-111.949942+(734 W Alameda Dr)","28,227.00 (Accurate?: )",7547-3931,Used/See Description,6158445,,,,,"734 W Alameda Dr, Door W4 / Retail Store, Tempe, Arizona, 85282-3303, USA",Government,,
http://govdeals.com,/asset/8068/5389,100.0,2024-12-18T14:45:00Z,1FAHP2MK0HG119911,2017,Ford,Taurus,"Jacksonville, Florida, USA","http://maps.google.com/maps?q=30.337936,+-81.705529+(1096 North McDuff Ave )","111,515.00 (Accurate?: )",5389-8068,Used/See Description,8068 303879 2052 51102,,Rodney Booker,rbooker@coj.net,+19042556638,"1096 North McDuff Ave , Jacksonville, Florida, 32254-2031, USA",Government,Clean Title,
http://govdeals.com,/asset/78/24514,2000.0,2024-12-18T14:45:00Z,1FAHP2MK3HG128070,2017,Ford,Interceptor Sedan,"Champaign, Illinois, USA","http://maps.google.com/maps?q=40.131469,+-88.25377+(702 Edgebrook Dr)","73,227.00 (Accurate?: Yes)",24514-78,Used/See Description,,"Champaign, IL",,,,"702 Edgebrook Dr, Champaign, Illinois, 61820-2159, USA",Government,,
http://govdeals.com,/asset/824/12806,500.0,2024-12-18T14:45:00Z,1FAFP53U07A129805,2007,Ford,Taurus,"Bunnell, Florida, USA","http://maps.google.com/maps?q=29.471965,+-81.245711+(1769 E Moody Blvd)","69,163.00 (Accurate?: Yes)",12806-824,Used/See Description,,"Flagler County Board of County Commissioners, FL",,,,"1769 E Moody Blvd, Bldg 11, Bunnell, Florida, 32110-5991, USA",Government,Clean Title,
http://govdeals.com,/asset/472/30,1026.75,2024-12-18T14:45:00Z,1FAHP2M89DG124295,2013,Ford,Taurus,"Hendersonville, Tennessee, USA","http://maps.google.com/maps?q=36.30163,+-86.628553+(3 Executive Park Dr)","134,205.00 (Accurate?: Yes)",30-472,Used/See Description,,"Hendersonville, TN",,,,"3 Executive Park Dr, Hendersonville, Tennessee, 37075-3451, USA",Government,,
http://govdeals.com,/asset/26/10011,500.0,2024-12-18T14:45:00Z,1FAHP2MK8FG170229,2015,Ford,Taurus,"Spencer, West Virginia, USA","http://maps.google.com/maps?q=38.80164,+-81.350311+(200 Main St)","151,728.00 (Accurate?: Yes)",10011-26,Used/See Description,SO 2501,,Jennifer Randolph,jenrand@commission.state.wv.us,+13049270078,"200 Main St, Spencer, West Virginia, 25276-1411, USA",Government,Clean Title,
http://govdeals.com,/asset/3418/3472,2999.0,2024-12-18T14:45:00Z,1FAHP2HW4BG129555,2011,Ford,Taurus,"Cincinnati, Ohio, USA","http://maps.google.com/maps?q=39.14071,+-84.53325+(1106 Bates Ave )","94,285.00 (Accurate?: Yes)",3472-3418,Used/See Description,24 10202,"Cincinnati Fleet Services, OH",Ken Bertke,ken.bertke@cincinnati-oh.gov,+15133525453,"1106 Bates Ave , Cincinnati, Ohio, 45225-1302, USA",Government,Clean Title,
http://govdeals.com,/asset/4288/1425,500.0,2024-12-18T14:45:00Z,1FAHP2MK0FG167969,2015,Ford,Taurus,"Alexandria, Virginia, USA","http://maps.google.com/maps?q=38.80733,+-77.053465+(3128 Business Center Drive)","87,863.00 (Accurate?: Unknown)",1425-4288,Used/See Description,1525,,Zubair Samiz,zubair.samiz@alexandriava.gov,+17037464304,"3128 Business Center Drive, , Alexandria, Virginia, 22314, USA",Government,Clean Title,
http://govdeals.com,/asset/4287/1425,500.0,2024-12-18T14:45:00Z,1FAHP2MK0FG167972,2015,Ford,Taurus,"Alexandria, Virginia, USA","http://maps.google.com/maps?q=38.80733,+-77.053465+(3128 Business Center Drive)","99,852.00 (Accurate?: )",1425-4287,Used/See Description,1519,,Zubair Samiz,zubair.samiz@alexandriava.gov,+17037464304,"3128 Business Center Drive, , Alexandria, Virginia, 22314, USA",Government,Clean Title,
http://govdeals.com,/asset/5/27944,2500.0,2024-12-18T14:45:00Z,1FAHP2MK5GG150943,2016,Ford,Taurus,"Vero Beach, Florida, USA","http://maps.google.com/maps?q=27.622068,+-80.388803+(1146 US Highway 1)","113,998.00 (Accurate?: )",27944-5,Used/See Description,,,,,,"1146 US Highway 1, Vero Beach, Florida, 32960-5769, USA",Commercial,,
http://govdeals.com,/asset/4284/1425,500.0,2024-12-18T14:45:00Z,1FAHP2MK3EG157970,2014,Ford,Taurus,"Alexandria, Virginia, USA","http://maps.google.com/maps?q=38.80733,+-77.053465+(3128 Business Center Drive)","69,833.00 (Accurate?: )",1425-4284,Used/See Description,1451,,Zubair Samiz,zubair.samiz@alexandriava.gov,+17037464304,"3128 Business Center Drive, , Alexandria, Virginia, 22314, USA",Government,Clean Title,
http://govdeals.com,/asset/1460/433,3357.0,2024-12-18T14:45:00Z,1FAHP2MK5FG149287,2015,Ford,Taurus,"New Orleans, Louisiana, USA","http://maps.google.com/maps?q=29.99699,+-90.03009+(3800 Alvar St)","100,000.00 (Accurate?: Unknown)",433-1460,Used/See Description,APOL15036,,,,,"3800 Alvar St, , New Orleans, Louisiana, 70126-5504, USA",Government,Clean Title,
http://govdeals.com,/asset/1451/433,2685.6,2024-12-18T14:45:00Z,1FAHP2L88FG200139,2015,Ford,Taurus,"New Orleans, Louisiana, USA","http://maps.google.com/maps?q=29.99699,+-90.03009+(3800 Alvar St)","100,000.00 (Accurate?: Unknown)",433-1451,Used/See Description,APOL15113,,,,,"3800 Alvar St, , New Orleans, Louisiana, 70126-5504, USA",Government,Clean Title,
http://govdeals.com,/asset/1453/433,3357.0,2024-12-18T14:45:00Z,1FAHP2MK7FG149288,2015,Ford,Taurus,"New Orleans, Louisiana, USA","http://maps.google.com/maps?q=29.99699,+-90.03009+(3800 Alvar St)","190,000.00 (Accurate?: Unknown)",433-1453,Used/See Description,APOL15037,,,,,"3800 Alvar St, , New Orleans, Louisiana, 70126-5504, USA",Government,Clean Title,
http://govdeals.com,/asset/1/27934,505.0,2024-12-18T14:45:00Z,1FAHP2EW2CG128877,2012,Ford,Taurus,"Maryville, Tennessee, USA","http://maps.google.com/maps?q=35.758753,+-83.983967+(311 Atlantic Ave)","69,451.00 (Accurate?: Yes)",27934-1,Used/See Description,,,,,,"311 Atlantic Ave, Maryville, Tennessee, 37801-2116, USA",Government,Clean Title,
http://govdeals.com,/asset/2/27934,2500.0,2024-12-18T14:45:00Z,1FAHP2EW0CG128909,2012,Ford,Taurus,"Maryville, Tennessee, USA","http://maps.google.com/maps?q=35.758753,+-83.983967+(311 Atlantic Ave)","57,116.00 (Accurate?: Yes)",27934-2,Used/See Description,,,,,,"311 Atlantic Ave, Maryville, Tennessee, 37801-2116, USA",Government,Clean Title,
http://govdeals.com,/asset/36/27849,2000.0,2024-12-18T14:45:00Z,1FAHP2DW0AG150827,2010,Ford,Taurus,"Boynton Beach, Florida, USA","http://maps.google.com/maps?q=26.532708,+-80.057833+(724 N Federal Hwy)","143,855.00 (Accurate?: Yes)",27849-36,Used/See Description,16099,,,,,"724 N Federal Hwy, Boynton Beach, Florida, 33435-3910, USA",Commercial,Clean Title,
http://govdeals.com,/asset/1423/1337,100.0,2024-12-18T14:45:00Z,1FAHP2L8XFG200076,2015,Ford,Taurus,"Greenville, South Carolina, USA","http://maps.google.com/maps?q=34.840909,+-82.400031+(301 University Rdg)","187,076.00 (Accurate?: Yes)",1337-1423,Used/See Description,FY25-35204-61,,,,,"301 University Rdg, Greenville, South Carolina, 29601-3674, USA",Government,Clean Title,
http://govdeals.com,/asset/594/4960,10.0,2024-12-18T14:45:00Z,1FAHP2MK0EG127812,2014,Ford,Taurus,"Annapolis, Maryland, USA","http://maps.google.com/maps?q=38.976389,+-76.489483+(160 Duke of Gloucester St)","112,510.00 (Accurate?: Yes)",4960-594,Used/See Description,2209,,Daniel Horwath,dmhorwath@annapolis.gov,+14434582537,"160 Duke of Gloucester St, Annapolis, Maryland, 21401-2517, USA",Government,,
http://govdeals.com,/asset/592/4960,10.0,2024-12-18T14:45:00Z,1FAHP2MK7EG127810,2014,Ford,Taurus,"Annapolis, Maryland, USA","http://maps.google.com/maps?q=38.976389,+-76.489483+(160 Duke of Gloucester St)","93,329.00 (Accurate?: Yes)",4960-592,Used/See Description,2207,,Daniel Horwath,dmhorwath@annapolis.gov,+14434582537,"160 Duke of Gloucester St, Annapolis, Maryland, 21401-2517, USA",Government,,
http://govdeals.com,/asset/596/4960,10.0,2024-12-18T14:45:00Z,1FAHP2M80DG191514,2013,Ford,Taurus,"Annapolis, Maryland, USA","http://maps.google.com/maps?q=38.976389,+-76.489483+(160 Duke of Gloucester St)","115,001.00 (Accurate?: Yes)",4960-596,Used/See Description,,,Daniel Horwath,dmhorwath@annapolis.gov,+14434582537,"160 Duke of Gloucester St, Annapolis, Maryland, 21401-2517, USA",Government,,
http://govdeals.com,/asset/595/4960,10.0,2024-12-18T14:45:00Z,1FAHP2MK9EG127811,2014,Ford,Taurus,"Annapolis, Maryland, USA","http://maps.google.com/maps?q=38.976389,+-76.489483+(160 Duke of Gloucester St)","87,130.00 (Accurate?: Yes)",4960-595,Used/See Description,2208,,Daniel Horwath,dmhorwath@annapolis.gov,+14434582537,"160 Duke of Gloucester St, Annapolis, Maryland, 21401-2517, USA",Government,,
http://govdeals.com,/asset/593/4960,10.0,2024-12-18T14:45:00Z,1FAHP2M86DG191517,2013,Ford,Taurus,"Annapolis, Maryland, USA","http://maps.google.com/maps?q=38.976389,+-76.489483+(160 Duke of Gloucester St)","71,195.00 (Accurate?: Yes)",4960-593,Used/See Description,2203,,Daniel Horwath,dmhorwath@annapolis.gov,+14434582537,"160 Duke of Gloucester St, Annapolis, Maryland, 21401-2517, USA",Government,,
http://govdeals.com,/asset/873/261,10.0,2024-12-18T14:45:00Z,1FAHP2M81DG184894,2013,Ford,Taurus,"Paducah, Kentucky, USA","http://maps.google.com/maps?q=37.091868,+-88.615397+(1120 N 10th St)","117,219.00 (Accurate?: Yes)",261-873,Used/See Description,951,"Paducah, KY",Jim Scutt,jscutt@paducahky.gov,+12704445152,"1120 N 10th St, Paducah, Kentucky, 42001-1723, USA",Government,Clean Title,
http://govdeals.com,/asset/872/261,10.0,2024-12-18T14:45:00Z,1FAHP2M85DG184896,2013,Ford,Taurus,"Paducah, Kentucky, USA","http://maps.google.com/maps?q=37.091868,+-88.615397+(1120 N 10th St)","108,854.00 (Accurate?: Yes)",261-872,Used/See Description,941,"Paducah, KY",Jim Scutt,jscutt@paducahky.gov,+12704445152,"1120 N 10th St, Paducah, Kentucky, 42001-1723, USA",Government,Clean Title,
http://govdeals.com,/asset/45102/357,200.0,2024-12-18T14:45:00Z,1FAHP2MT5FG102429,2015,Ford,Taurus,"Augusta, Georgia, USA","http://maps.google.com/maps?q=33.4592,+-81.9885+(1555 Clay St)","85,693.00 (Accurate?: Unknown)",357-45102,Used/See Description,195370 DC,State of Georgia,Department of Administrative Services Surplus Property,publicsurplussales@doas.ga.gov,+14046578544,"1555 Clay St, Augusta University, Augusta, Georgia, 30901-3513, USA",Government,Clean Title,
http://govdeals.com,/asset/74/4111,3050.0,2024-12-18T14:45:00Z,1FAHP2MT9FG128029,2015,Ford,Taurus,"Maplewood, Missouri, USA","http://maps.google.com/maps?q=38.612997,+-90.326546+(7601 Manchester Rd)","36,669.00 (Accurate?: Yes)",4111-74,Used/See Description,,,Toney Lewis,wlewis@maplewoodmo.gov,+13146478633,"7601 Manchester Rd, Maplewood, Missouri, 63143-2811, USA",Government,,
http://govdeals.com,/asset/706/16525,1800.0,2024-12-18T14:45:00Z,1FAHP2L81GG128251,2016,Ford,Taurus,"Cincinnati, Ohio, USA","http://maps.google.com/maps?q=39.2413,+-84.542+(10500 Golf View Dr)","89,360.00 (Accurate?: Yes)",16525-706,Used/See Description,109015,"Great Parks of Hamilton County, OH",,,,"10500 Golf View Dr, Cincinnati, Ohio, 45231-1973, USA",Government,,
http://govdeals.com,/asset/6849/1992,500.0,2024-12-18T14:45:00Z,1FAFP53253G280466,2003,Ford,Taurus,"Kansas City, Missouri, USA","http://maps.google.com/maps?q=39.0336,+-94.5746+(1011 E 51st St)","107,909.00 (Accurate?: Yes)",1992-6849,Used/See Description,UMKC083,"University of Missouri Surplus Property, MO",Mark Foley,foleyma@umsystem.edu,+15738825053,"1011 E 51st St, , Kansas City, Missouri, 64110-2201, USA",Government,,
http://govdeals.com,/asset/22884/2,435.0,2024-12-18T14:45:00Z,1FAHP2D85FG175621,2015,Ford,Taurus,"Nashville, Tennessee, USA","http://maps.google.com/maps?q=36.111561,+-86.691467+(1417 Murfreesboro Pike)","88,586.00 (Accurate?: )",2-22884,Used/See Description,07D5013,"Metropolitan Government of Nashville and Davidson County, TN",,,,"1417 Murfreesboro Pike, Nashville, Tennessee, 37217-3600, USA",Government,Clean Title,
http://govdeals.com,/asset/75/4111,3800.0,2024-12-18T14:45:00Z,1FAHP2MT5FG128030,2015,Ford,Taurus,"Maplewood, Missouri, USA","http://maps.google.com/maps?q=38.612997,+-90.326546+(7601 Manchester Rd)","41,005.00 (Accurate?: Yes)",4111-75,Used/See Description,,,Toney Lewis,wlewis@maplewoodmo.gov,+13146478633,"7601 Manchester Rd, Maplewood, Missouri, 63143-2811, USA",Government,,
http://govdeals.com,/asset/14/3206,1000.0,2024-12-18T14:45:00Z,1FAHP2L81DG206622,2013,Ford,Taurus,"Haleyville, Alabama, USA","http://maps.google.com/maps?q=34.217877,+-87.622925+(1205 10th Ave)","169,516.00 (Accurate?: Yes)",3206-14,Used/See Description,,"Haleyville, AL",,,,"1205 10th Ave, Haleyville, Alabama, 35565-1350, USA",Government,Clean Title,
http://govdeals.com,/asset/16/1377,675.0,2024-12-18T14:45:00Z,1FAHP2M85DG134645,2013,Ford,Taurus,"Boone, Iowa, USA","http://maps.google.com/maps?f=q&hl=en&q=1410 8th St,+Boone,+IA+50036","106,951.00 (Accurate?: Yes)",1377-16,Used/See Description,,,,,,"1410 8th St, Boone, Iowa, 50036, USA",Government,Clean Title,
http://govdeals.com,/asset/1463/433,698.8,2024-12-18T14:45:00Z,1FAFP53U47A169059,2007,Ford,Taurus,"New Orleans, Louisiana, USA","http://maps.google.com/maps?q=29.99699,+-90.03009+(3800 Alvar St)","180,000.00 (Accurate?: Unknown)",433-1463,Used/See Description,CDC5060,,,,,"3800 Alvar St, , New Orleans, Louisiana, 70126-5504, USA",Government,Clean Title,
http://govdeals.com,/asset/3183/3961,150.0,2024-12-18T14:45:00Z,1FAHP2MK3KG108795,2019,Ford,Taurus,"Laurel, Maryland, USA","http://maps.google.com/maps?f=q&hl=en&q=Maryland 198 and Old Portland Road, Turn Onto Old Portland Rd,+Laurel,+MD+ ","4,205.00 (Accurate?: Yes)",3961-3183,Used/See Description,MPD FLEET- 108795 - LOT#70896,,Donald Jackson,donald.jackson@dc.gov,+12024090209,"Maryland 198 and Old Portland Road, Turn Onto Old Portland Rd, Proceed To Guard Booth, and Call US L, Laurel, Maryland, , USA",Government,Clean Title,
http://govdeals.com,/asset/62/1247,4000.0,2024-12-18T14:45:00Z,1FAHP2L82HG117857,2017,Ford,Taurus,"Centre, Alabama, USA","http://maps.google.com/maps?q=34.1549,+-85.6903+(999 W Main St)","59,680.00 (Accurate?: Yes)",1247-62,Used/See Description,CAR 21,,Leah Bradley,lmbradley2320@yahoo.com,+12569273661,"999 W Main St, , Centre, Alabama, 35960-1215, USA",Government,Clean Title,
http://govdeals.com,/asset/1357/292,200.0,2024-12-18T14:45:00Z,1FAHP2L81HG126694,2017,Ford,Taurus,"Memphis, Tennessee, USA","http://maps.google.com/maps?q=35.107068,+-89.927247+(4021 N Park Loop)","64,280.00 (Accurate?: Yes)",292-1357,Used/See Description,,"University of Memphis, TN",Sanders Smith,ssmith86@memphis.edu,+19019493855,"4021 N Park Loop, Memphis, Tennessee, 38152-4220, USA",Government,,
http://govdeals.com,/asset/555/9805,500.0,2024-12-18T14:45:00Z,1FAHP2MK2JG114375,2018,Ford,Taurus,"Nichols Hills, Oklahoma, USA","http://maps.google.com/maps?q=35.539143,+-97.532109+(6407 Avondale Dr)","121,077.00 (Accurate?: )",9805-555,Used/See Description,PD-2025-02,,Casey Nix,cnix@nicholshills.net,+14058798878,"6407 Avondale Dr, Police Department, Nichols Hills, Oklahoma, 73116-6403, USA",Government,Clean Title,
http://govdeals.com,/asset/12786/11227,3100.0,2024-12-18T14:45:00Z,1FAHP2D8XGG111964,2016,FORD,TAURUS,"Nashville, Tennessee, USA","http://maps.google.com/maps?q=36.172062,+-86.871323+(6500 Centennial Blvd)","136,262.00 (Accurate?: Yes)",11227-12786,Used/See Description,32101-S1YX56 #403,State of Tennessee,MANAGEMENT VEHICLE & ASSET,property.utilization@tn.gov,+16153503373,"6500 Centennial Blvd, Surplus Property, Nashville, Tennessee, 37243-1105, USA",Government,Clean Title,
http://govdeals.com,/asset/111/12441,10.0,2024-12-18T14:45:00Z,1FAFP52274A190323,2004,Ford,Taurus,"Sikeston, Missouri, USA","http://maps.google.com/maps?q=36.87372970581055,+-89.6012954711914+(214 Lincoln St)",,12441-111,Scrap,LU-0065,"Lincoln University, MO",,,,"214 Lincoln St, , Sikeston, Missouri, 63801, USA",Government,Clean Title,
http://govdeals.com,/asset/63/1247,4000.0,2024-12-18T14:45:00Z,1FAHP2L80HG117856,2017,Ford,Taurus,"Centre, Alabama, USA","http://maps.google.com/maps?q=34.1549,+-85.6903+(999 W Main St)","60,507.00 (Accurate?: Yes)",1247-63,Used/See Description,CAR 3,,Leah Bradley,lmbradley2320@yahoo.com,+12569273661,"999 W Main St, , Centre, Alabama, 35960-1215, USA",Government,Clean Title,
http://govdeals.com,/asset/229/22193,600.0,2024-12-18T14:45:00Z,1FAHP2MK0FG133711,2015,Ford,Taurus,"Saint Augustine, Florida, USA","http://maps.google.com/maps?q=29.956499099731445,+-81.50640106201172+(900 Law Enforcement Way)","133,257.00 (Accurate?: Yes)",22193-229,Used/See Description,563,"St Johns County Sheriff's Office, FL",,,,"900 Law Enforcement Way, , Saint Augustine, Florida, 32092, USA",Government,Clean Title,
http://govdeals.com,/asset/45126/357,200.0,2024-12-18T14:45:00Z,1FAFP53295A148817,2005,Ford,Taurus,"Columbus, Georgia, USA","http://maps.google.com/maps?q=32.4906,+-84.8641+(3000 Schatulga Rd)","157,272.00 (Accurate?: Unknown)",357-45126,Used/See Description,195465 DC,State of Georgia,Department of Administrative Services Surplus Property,publicsurplussales@doas.ga.gov,+14046578544,"3000 Schatulga Rd, Behavioral Health Developmental Disabilities, Columbus, Georgia, 31907-3117, USA",Government,Clean Title,
http://govdeals.com,/asset/230/22193,888.0,2024-12-18T14:45:00Z,1FAHP2MK1FG132034,2015,Ford,Taurus,"Saint Augustine, Florida, USA","http://maps.google.com/maps?q=29.956499099731445,+-81.50640106201172+(900 Law Enforcement Way)","114,208.00 (Accurate?: Yes)",22193-230,Used/See Description,542,"St Johns County Sheriff's Office, FL",,,,"900 Law Enforcement Way, , Saint Augustine, Florida, 32092, USA",Government,Clean Title,
http://govdeals.com,/asset/161/7630,10.0,2024-12-18T14:45:00Z,1FAFP52204A207267,2004,Ford,Taurus,"Clarksville, Tennessee, USA","http://maps.google.com/maps?q=36.525643,+-87.361476+(120 Commerce St)",,7630-161,Used/See Description,,"Montgomery County Sheriffs Office, TN",Truman Wood,tdwood@mcgtn.net,+19316480611,"120 Commerce St, Clarksville, Tennessee, 37040-3641, USA",Government,,
http://govdeals.com,/asset/15183/7167,1200.0,2024-12-18T14:45:00Z,1FAHP2L87HG146769,2017,Ford,Taurus,"Doral, Florida, USA","http://maps.google.com/maps?q=25.826218,+-80.340668+(8801 NW 58th St)","76,884.00 (Accurate?: Yes)",7167-15183,Used/See Description,5630A,"Miami-Dade County, FL",,,,"8801 NW 58th St, Entrance Is on 87th Avenue, Doral, Florida, 33178-1603, USA",Government,,
http://govdeals.com,/asset/15181/7167,10.0,2024-12-18T14:45:00Z,1FAHP2MK2FG183302,2015,Ford,Taurus,"Doral, Florida, USA","http://maps.google.com/maps?q=25.826218,+-80.340668+(8801 NW 58th St)","85,602.00 (Accurate?: Yes)",7167-15181,Used/See Description,3775A,"Miami-Dade County, FL",,,,"8801 NW 58th St, Entrance Is on 87th Avenue, Doral, Florida, 33178-1603, USA",Government,,
http://govdeals.com,/asset/15184/7167,600.0,2024-12-18T14:45:00Z,1FAHP2L87JG128021,2018,Ford,Taurus,"Doral, Florida, USA","http://maps.google.com/maps?q=25.826218,+-80.340668+(8801 NW 58th St)","86,557.00 (Accurate?: Yes)",7167-15184,Used/See Description,5809A,"Miami-Dade County, FL",,,,"8801 NW 58th St, Entrance Is on 87th Avenue, Doral, Florida, 33178-1603, USA",Government,,
